東京エムジー時計,2024-07-10,,1,6,ー,時計,SS,ROLEX,,116520,,箱,,,,落札,"      2,600,000",,,,,,,,,,,,,,
東京エムジー時計,2024-07-10,,1,7,ー,時計,SY,ROLEX,,116503,,箱 保(23/5) 3コマ,,,,落札,"      2,990,000",,,,,,,,,,,,,,
東京エムジー時計,2024-07-10,,1,9,ー,時計,SR,ROLEX,,5241,,K番  チェリーニ  ,,,,落札,"      1,250,000",,,,,,,,,,,,,,
東京エムジー時計,2024-07-10,,2,1,ー,時計,SS,ROLEX,,178240,,箱 保(2019/1) 1コマ,,,,落札,"      805,000",,,,,,,,,,,,,,
東京エムジー時計,2024-07-10,,2,2,ー,時計,SS,ROLEX,,116000,,ケース 保 2コマ,,,,落札,"      730,000",,,,,,,,,,,,,,
東京エムジー時計,2024-07-10,,2,3,ー,時計,SW,ROLEX,,116234,,Z番 箱 保 3コマ デイトジャスト  ,,,,落札,"      1,100,000",,,,,,,,,,,,,,
東京エムジー時計,2024-07-10,,2,4,ー,時計,SS,ROLEX,,16750,,Z番 箱 エクスプローラーⅡ　  ,,,,落札,"      816,000",,,,,,,,,,,,,,
東京エムジー時計,2024-07-10,,2,5,ー,時計,SS,ROLEX,,14060,,P番 箱 サブマリーナー  ,,,,落札,"      981,000",,,,,,,,,,,,,,
東京エムジー時計,2024-07-10,,2,6,ー,時計,SS,ROLEX,,14060,,P番 箱 2コマ 錨 サブマリーナー  ,,,,落札,"      1,000,000",,,,,,,,,,,,,,
東京エムジー時計,2024-07-10,,2,7,ー,時計,SS,ROLEX,,16610,,V番 箱 保 サブマリーナー  ,,,,落札,"      1,270,000",,,,,,,,,,,,,,
東京エムジー時計,2024-07-10,,2,8,ー,時計,SY,ROLEX,,16803,,R番 箱 保 サブマリーナー  ,,,,落札,"      1,070,000",,,,,,,,,,,,,,
東京エムジー時計,2024-07-10,,2,9,ー,時計,SS,ROLEX,,16570,,N番 箱 保 エクスプローラーⅡ  ,,,,落札,"      1,160,000",,,,,,,,,,,,,,
東京エムジー時計,2024-07-10,,2,10,ー,時計,SS,ROLEX,,124300,,箱 保(2021/5),,,,落札,"      1,030,000",,,,,,,,,,,,,,
東京エムジー時計,2024-07-10,,3,1,ー,時計,SY,ROLEX,,69173,,92番  デイトジャスト   ,,,,落札,"      440,000",,,,,,,,,,,,,,
東京エムジー時計,2024-07-10,,3,2,ー,時計,その他,ROLEX,,6917,,28番  オイスターパーペチュアルデイト   ,,,,落札,"      235,000",,,,,,,,,,,,,,
東京エムジー時計,2024-07-10,,3,3,ー,時計,その他,ROLEX,,6917,,33番  オイスターパーペチュアルデイト　ブレス短い   ,,,,落札,"      250,000",,,,,,,,,,,,,,
東京エムジー時計,2024-07-10,,3,4,ー,時計,YG,ROLEX,,6718,,61番  オイスターパーペチュアル   ,,,,落札,"      151,000",,,,,,,,,,,,,,
東京エムジー時計,2024-07-10,,3,5,ー,時計,PT,ROLEX,,6466,,,,,,落札,"      156,000",,,,,,,,,,,,,,
東京エムジー時計,2024-07-10,,3,6,ー,時計,SS,ROLEX,,5500,,34番  エアキング   ,,,,落札,"      280,000",,,,,,,,,,,,,,
東京エムジー時計,2024-07-10,,3,7,ー,時計,SR,ROLEX,,1501,,25番  オイスターパーペチュアルデイト　リューズ不閉   ,,,,落札,"      270,000",,,,,,,,,,,,,,
東京エムジー時計,2024-07-10,,3,8,ー,時計,SY,ROLEX,,1603,,27番  デイトジャスト   ,,,,落札,"      409,000",,,,,,,,,,,,,,
東京エムジー時計,2024-07-10,,3,9,ー,時計,SR,ROLEX,,1601,,21番  デイトジャスト   ,,,,落札,"      443,000",,,,,,,,,,,,,,
東京エムジー時計,2024-07-10,,3,10,ー,時計,SY,ROLEX,,16233,,W番 サ保 デイトジャスト   ,,,,落札,"      677,000",,,,,,,,,,,,,,
東京エムジー時計,2024-07-10,,4,1,ー,時計,SY,ROLEX,,68273,,R番  デイトジャスト   ,,,,落札,"      746,000",,,,,,,,,,,,,,
東京エムジー時計,2024-07-10,,4,2,ー,時計,SW,ROLEX,,16234,,P番  デイトジャスト   ,,,,落札,"      610,000",,,,,,,,,,,,,,
東京エムジー時計,2024-07-10,,4,3,ー,時計,SW,ROLEX,,16014,,R番  デイトジャスト   ,,,,落札,"      544,000",,,,,,,,,,,,,,
東京エムジー時計,2024-07-10,,4,4,ー,時計,SY,ROLEX,,16233,,R番  デイトジャスト   ,,,,落札,"      769,000",,,,,,,,,,,,,,
東京エムジー時計,2024-07-10,,4,5,ー,時計,SY,ROLEX,,16233,,S番  デイトジャスト　FF剥がれ   ,,,,落札,"      685,000",,,,,,,,,,,,,,
東京エムジー時計,2024-07-10,,4,6,ー,時計,SY,ROLEX,,16233,,L番  デイトジャスト   ,,,,落札,"      640,000",,,,,,,,,,,,,,
東京エムジー時計,2024-07-10,,4,7,ー,時計,SY,ROLEX,,16233,,E番  デイトジャスト   ,,,,落札,"      625,000",,,,,,,,,,,,,,
東京エムジー時計,2024-07-10,,4,8,ー,時計,SS,ROLEX,,14270,,T番  エクスプローラーⅠ   ,,,,落札,"      605,000",,,,,,,,,,,,,,
東京エムジー時計,2024-07-10,,4,9,ー,時計,SS,ROLEX,,16610,,X番  サブマリーナー   ,,,,落札,"      966,000",,,,,,,,,,,,,,
東京エムジー時計,2024-07-10,,4,10,ー,時計,SS,ROLEX,,16600,,A番  シードゥエラー　不動現状裏開   ,,,,落札,"      834,000",,,,,,,,,,,,,,
東京エムジー時計,2024-07-10,,5,5,ー,時計,YG,ROLEX,,18038,,R番  デイデイト  ,,,,落札,"      1,950,000",,,,,,,,,,,,,,
東京エムジー時計,2024-07-10,,5,6,ー,時計,SY,ROLEX,,116523,,K番  デイトナ  ,,,,落札,"      2,130,000",,,,,,,,,,,,,,
東京エムジー時計,2024-07-10,,5,7,ー,時計,YG,ROLEX,,16528,,E番  デイトナ  ,,,,落札,"      4,650,000",,,,,,,,,,,,,,
東京エムジー時計,2024-07-10,,5,8,ー,時計,YG,ROLEX,,69138,,E番 ケース 保 3コマ デイトジャスト　カレ遅  ,,,,落札,"      1,380,000",,,,,,,,,,,,,,
東京エムジー時計,2024-07-10,,5,9,ー,時計,SY,ROLEX,,16523,,U番 箱 保 デイトナ  ,,,,落札,"      2,270,000",,,,,,,,,,,,,,
東京エムジー時計,2024-07-10,,5,10,ー,時計,SS,ROLEX,,16700,,N番 箱 2コマ GMTマスターⅠ  ,,,,落札,"      1,350,000",,,,,,,,,,,,,,
東京エムジー時計,2024-07-10,,15,1,ー,時計,SR,ROLEX,,1601,,9番 　19コマ  ,,,,落札,"      455,000",,,,,,,,,,,,,,
東京エムジー時計,2024-07-10,,15,2,ー,時計,SR,ROLEX,,1601,,18番 　19コマ  ,,,,落札,"      436,000",,,,,,,,,,,,,,
東京エムジー時計,2024-07-10,,15,3,ー,時計,SR,ROLEX,,1601,,41番 保　22コマ  ,,,,落札,"      518,000",,,,,,,,,,,,,,
東京エムジー時計,2024-07-10,,16,1,ー,時計,RG,ROLEX,,116505,,保15・ｺﾏ2,,,,落札,"      5,780,000",,,,,,,,,,,,,,
東京エムジー時計,2024-07-10,,16,2,ー,時計,WG,ROLEX,,116509,,保21・ｺﾏ2,,,,落札,"      5,980,000",,,,,,,,,,,,,,
東京エムジー時計,2024-07-10,,16,3,ー,時計,WG,ROLEX,,116509,,保17・ｺﾏ1,,,,落札,"      5,630,000",,,,,,,,,,,,,,
東京エムジー時計,2024-07-10,,16,4,ー,時計,SY,ROLEX,,116503,,保22,,,,      不成立,      不成立,      不成立,,,,,,,,,,,,,,
東京エムジー時計,2024-07-10,,16,5,ー,時計,SS,ROLEX,,116500,,保16,,,,落札,"      3,880,000",,,,,,,,  不成立,,,,,,,
東京エムジー時計,2024-07-10,,16,6,ー,時計,YG,ROLEX,,228238,,保22,,,,落札,"      5,740,000",,,,,,,,,,,,,,
東京エムジー時計,2024-07-10,,16,7,ー,時計,SW,ROLEX,,126234,,保24/5・ｺﾏ1,,,,落札,"      1,700,000",,,,,,,,,,,,,,
東京エムジー時計,2024-07-10,,16,8,ー,時計,RG,ROLEX,,126715,,保20,,,,      不成立,      不成立,      不成立,,,,,,,,,,,,,,
東京エムジー時計,2024-07-10,,16,9,ー,時計,SS,ROLEX,,126720,,保23/8・ｺﾏ3,,,,落札,"      2,710,000",,,,,,,,  不成立,,,,,,,
東京エムジー時計,2024-07-10,,16,10,ー,時計,SW,ROLEX,,336934,,保24/5,,,,      不成立,      不成立,      不成立,,,,,,,,,,,,,,
東京エムジー時計,2024-07-10,,17,1,ー,時計,SY,ROLEX,,126333,,保19・ｺﾏ4,,,,落札,"      1,930,000",,,,,,,,  不成立,,,,,,,
東京エムジー時計,2024-07-10,,17,2,ー,時計,SS,ROLEX,,116400,,保20・ｺﾏ1,,,,落札,"      1,540,000",,,,,,,,,,,,,,
東京エムジー時計,2024-07-10,,17,3,ー,時計,SS,ROLEX,,214270,,保19,,,,落札,"      945,000",,,,,,,,,,,,,,
東京エムジー時計,2024-07-10,,17,4,ー,時計,SS,ROLEX,,114200,,V番 保ｴｱｷﾝｸﾞ    ,,,,落札,"      645,000",,,,,,,,,,,,,,
東京エムジー時計,2024-07-10,,17,5,ー,時計,SS,ROLEX,,114300,,保18,,,,落札,"      980,000",,,,,,,,,,,,,,
東京エムジー時計,2024-07-10,,17,6,ー,時計,SS,ROLEX,,16710,,D番 保GMTﾏｽﾀｰ2  スティックダイヤル  ,,,,落札,"      1,780,000",,,,,,,,,,,,,,
東京エムジー時計,2024-07-10,,17,7,ー,時計,SS,ROLEX,,16710,,D番 保・国ｻ保GMTﾏｽﾀｰ2    ,,,,落札,"      1,670,000",,,,,,,,,,,,,,
東京エムジー時計,2024-07-10,,17,8,ー,時計,SS,ROLEX,,16710,,P番 GMTﾏｽﾀｰ2   ,,,,落札,"      1,160,000",,,,,,,,,,,,,,
東京エムジー時計,2024-07-10,,17,9,ー,時計,SS,ROLEX,,16600,,Z番 保・ｺﾏ1ｼｰﾄﾞｩｴﾗｰ    ,,,,落札,"      1,130,000",,,,,,,,,,,,,,
東京エムジー時計,2024-07-10,,17,10,ー,時計,SW,ROLEX,,6694,,76番 ｵｲｽﾀｰﾃﾞｲﾄ  ミッキーオレンジダイヤル  ,,,,落札,"      210,000",,,,,,,,,,,,,,
東京エムジー時計,2024-07-10,,18,1,ー,時計,SS,ROLEX,,116520,,D番 保16ﾃﾞｲﾄﾅ   ,,,,      不成立,      不成立,      不成立,,,,,,,,,,,,,,
東京エムジー時計,2024-07-10,,18,2,ー,時計,SS,ROLEX,,116520,,Z番 保ﾃﾞｲﾄﾅ   ,,,,落札,"      2,790,000",,,,,,,,  不成立,,,,,,,
東京エムジー時計,2024-07-10,,18,3,ー,時計,SS,ROLEX,,116610,,G番 保・修明・国ｻｻﾌﾞﾏﾘｰﾅ   ,,,,落札,"      2,510,000",,,,,,,,,,,,,,
東京エムジー時計,2024-07-10,,18,4,ー,時計,SS,ROLEX,,124060,,保22,,,,落札,"      1,620,000",,,,,,,,,,,,,,
東京エムジー時計,2024-07-10,,18,5,ー,時計,SS,ROLEX,,116610,,保15,,,,落札,"      1,550,000",,,,,,,,,,,,,,
東京エムジー時計,2024-07-10,,18,6,ー,時計,SY,ROLEX,,116613,,V番 ｻﾌﾞﾏﾘｰﾅ   ,,,,      不成立,      不成立,      不成立,,,,,,,,,,,,,,
東京エムジー時計,2024-07-10,,18,7,ー,時計,SY,ROLEX,,126603,,保22,,,,落札,"      2,250,000",,,,,,,,  不成立,,,,,,,
東京エムジー時計,2024-07-10,,18,8,ー,時計,SS,ROLEX,,116600,,保15,,,,落札,"      1,770,000",,,,,,,,,,,,,,
東京エムジー時計,2024-07-10,,18,9,ー,時計,SS,ROLEX,,136660,,保22,,,,落札,"      1,850,000",,,,,,,,,,,,,,
東京エムジー時計,2024-07-10,,18,10,ー,時計,SS,ROLEX,,126660,,保21,,,,落札,"      1,480,000",,,,,,,,,,,,,,
東京エムジー時計,2024-07-10,,19,1,ー,時計,SS,ROLEX,,16700,,N番 GMTﾏｽﾀｰ   ,,,,落札,"      1,280,000",,,,,,,,,,,,,,
東京エムジー時計,2024-07-10,,19,2,ー,時計,SS,ROLEX,,16750,,86番 保GMTﾏｽﾀｰ   ,,,,      不成立,      不成立,      不成立,,,,,,,,,,,,,,
東京エムジー時計,2024-07-10,,19,3,ー,時計,SS,ROLEX,,16750,,91番 GMTﾏｽﾀｰ   ,,,,      不成立,      不成立,      不成立,,,,,,,,  不成立,,,,,,,
東京エムジー時計,2024-07-10,,19,4,ー,時計,SS,ROLEX,,16750,,90番 GMTﾏｽﾀｰ   ,,,,      不成立,      不成立,      不成立,,,,,,,,  不成立,,,,,,,
東京エムジー時計,2024-07-10,,19,5,ー,時計,SS,ROLEX,,16600,,Z番 保・修明・エクステンションパーツ・国サ保×2ｼｰﾄﾞｩｰｴﾗｰ   ,,,,落札,"      1,160,000",,,,,,,,  不成立,,,,,,,
東京エムジー時計,2024-07-10,,19,6,ー,時計,YG,ROLEX,,18238,,L番 ﾃﾞｲﾃﾞｲﾄ   ,,,,      不成立,      不成立,      不成立,,,,,,,,,,,,,,
東京エムジー時計,2024-07-10,,19,7,ー,時計,YG,ROLEX,,18238,,E番 ﾃﾞｲﾃﾞｲﾄ   ,,,,      不成立,      不成立,      不成立,,,,,,,,  不成立,,,,,,,
東京エムジー時計,2024-07-10,,19,8,ー,時計,YG,ROLEX,,18238,,L番 ﾃﾞｲﾃﾞｲﾄ   ,,,,落札,"      2,040,000",,,,,,,,  不成立,,,,,,,
東京エムジー時計,2024-07-10,,19,9,ー,時計,SY,ROLEX,,16233,,X番 国ｻ保ﾃﾞｲﾄｼﾞｬｽﾄ   ,,,,落札,"      686,000",,,,,,,,,,,,,,
東京エムジー時計,2024-07-10,,19,10,ー,時計,SY,ROLEX,,16233,,X番 ﾃﾞｲﾄｼﾞｬｽﾄ   ,,,,落札,"      680,000",,,,,,,,,,,,,,
東京エムジー時計,2024-07-10,,21,1,ー,時計,YG,ROLEX,,18238,,S番 ケース・保(1994/08)デイデイト   ,,,,落札,"      2,330,000",,,,,,,,,,,,,,
東京エムジー時計,2024-07-10,,21,2,ー,時計,SY,ROLEX,,16233,,P番 箱・保(2001/12)デイトジャスト 不動   ,,,,落札,"      753,000",,,,,,,,,,,,,,
東京エムジー時計,2024-07-10,,21,3,ー,時計,SS,ROLEX,,16220,,T番 箱デイトジャスト   ,,,,落札,"      558,000",,,,,,,,,,,,,,
東京エムジー時計,2024-07-10,,21,4,ー,時計,SS,ROLEX,,14000,,T番 箱・保(1997/03)エアキング   ,,,,落札,"      562,000",,,,,,,,,,,,,,
東京エムジー時計,2024-07-10,,21,5,ー,時計,SS,ROLEX,,16220,,E番 デイトジャスト   ,,,,落札,"      535,000",,,,,,,,,,,,,,
東京エムジー時計,2024-07-10,,21,6,ー,時計,SR,ROLEX,,1601,,2番 デイトジャスト (シリアル不鮮明)  ,,,,落札,"      363,000",,,,,,,,,,,,,,
東京エムジー時計,2024-07-10,,23,1,ー,時計,SW,ROLEX,,16234,,ケース 保,,,,落札,"      720,000",,,,,,,,,,,,,,
東京エムジー時計,2024-07-10,,23,2,ー,時計,SY,ROLEX,,69173,,箱 保 コマ,,,,落札,"      494,000",,,,,,,,,,,,,,
東京エムジー時計,2024-07-10,,23,3,ー,時計,SW,ROLEX,,16014,,,,,,落札,"      514,000",,,,,,,,,,,,,,
東京エムジー時計,2024-07-10,,23,4,ー,時計,SY,ROLEX,,16233,,,,,,落札,"      485,000",,,,,,,,,,,,,,
東京エムジー時計,2024-07-10,,23,5,ー,時計,SY,ROLEX,,16233,,箱 保,,,,落札,"      733,000",,,,,,,,,,,,,,
東京エムジー時計,2024-07-10,,23,6,ー,時計,SY,ROLEX,,16233,,ケース,,,,落札,"      658,000",,,,,,,,,,,,,,
東京エムジー時計,2024-07-10,,23,8,ー,時計,SR,ROLEX,,1601,,,,,,落札,"      436,000",,,,,,,,,,,,,,
東京エムジー時計,2024-07-10,,24,1,ー,時計,SY,ROLEX,,16233,,L番   ,,,,落札,"      592,000",,,,,,,,,,,,,,
東京エムジー時計,2024-07-10,,24,2,ー,時計,SW,ROLEX,,6694,,71番   ,,,,落札,"      249,000",,,,,,,,,,,,,,
東京エムジー時計,2024-07-10,,24,3,ー,時計,SY,ROLEX,,69173,,E番   ,,,,落札,"      450,000",,,,,,,,,,,,,,
東京エムジー時計,2024-07-10,,24,4,ー,時計,SW,ROLEX,,6924,,64番   ,,,,落札,"      273,000",,,,,,,,,,,,,,
東京エムジー時計,2024-07-10,,24,5,ー,時計,SW,ROLEX,,69174,,80番   ,,,,落札,"      377,000",,,,,,,,,,,,,,
東京エムジー時計,2024-07-10,,24,6,ー,時計,SW,ROLEX,,6694,,13番   ,,,,落札,"      214,000",,,,,,,,,,,,,,
東京エムジー時計,2024-07-10,,24,7,ー,時計,SS,ROLEX,,76080,,K番 OH証  ,,,,落札,"      227,000",,,,,,,,,,,,,,
東京エムジー時計,2024-07-10,,27,1,ー,時計,SS,ROLEX,,16610,,D番 ｻﾌﾞﾏﾘｰﾅ   ,,,,落札,"      1,670,000",,,,,,,,,,,,,,
東京エムジー時計,2024-07-10,,27,2,ー,時計,SS,ROLEX,,14060,,W番 保ｻﾌﾞﾏﾘｰﾅ   ,,,,      不成立,      不成立,      不成立,,,,,,,,,,,,,,
東京エムジー時計,2024-07-10,,27,3,ー,時計,SY,ROLEX,,16613,,L番 保・国ｻ保ｻﾌﾞﾏﾘｰﾅ   ,,,,落札,"      1,440,000",,,,,,,,  不成立,,,,,,,
東京エムジー時計,2024-07-10,,27,4,ー,時計,SY,ROLEX,,16613,,N番 ｻﾌﾞﾏﾘｰﾅ   ,,,,落札,"      950,000",,,,,,,,,,,,,,
東京エムジー時計,2024-07-10,,27,5,ー,時計,SY,ROLEX,,16803,,R番 保ｻﾌﾞﾏﾘｰﾅ   ,,,,      不成立,      不成立,      不成立,,,,,,,,,,,,,,
東京エムジー時計,2024-07-10,,27,6,ー,時計,SY,ROLEX,,16233,,T番 ﾃﾞｲﾄｼﾞｬｽﾄ   ,,,,落札,"      540,000",,,,,,,,  不成立,,,,,,,
東京エムジー時計,2024-07-10,,27,7,ー,時計,SY,ROLEX,,16233,,T番 FFﾃﾞｲﾄｼﾞｬｽﾄ   ,,,,落札,"      650,000",,,,,,,,,,,,,,
東京エムジー時計,2024-07-10,,27,8,ー,時計,SY,ROLEX,,16233,,L番 ﾃﾞｲﾄｼﾞｬｽﾄ   ,,,,落札,"      672,000",,,,,,,,,,,,,,
東京エムジー時計,2024-07-10,,27,9,ー,時計,SY,ROLEX,,16233,,E番 ﾃﾞｲﾄｼﾞｬｽﾄ   ,,,,落札,"      670,000",,,,,,,,,,,,,,
東京エムジー時計,2024-07-10,,27,10,ー,時計,SY,ROLEX,,16233,,X番 ﾃﾞｲﾄｼﾞｬｽﾄ   ,,,,落札,"      670,000",,,,,,,,,,,,,,
東京エムジー時計,2024-07-10,,29,4,ー,時計,SS,ROLEX,,14270,,A番 ｴｸｽﾌﾟﾛｰﾗｰ   ,,,,落札,"      605,000",,,,,,,,,,,,,,
東京エムジー時計,2024-07-10,,29,5,ー,時計,SS,ROLEX,,116900,,,,,,落札,"      830,000",,,,,,,,,,,,,,
東京エムジー時計,2024-07-10,,29,6,ー,時計,SY,ROLEX,,16233,,T番 ﾃﾞｲﾄｼﾞｬｽﾄ   ,,,,落札,"      635,000",,,,,,,,,,,,,,
東京エムジー時計,2024-07-10,,29,7,ー,時計,SY,ROLEX,,16233,,T番 ﾃﾞｲﾄｼﾞｬｽﾄ   ,,,,落札,"      642,000",,,,,,,,,,,,,,
東京エムジー時計,2024-07-10,,29,8,ー,時計,SY,ROLEX,,16233,,X番 ﾃﾞｲﾄｼﾞｬｽﾄ   ,,,,      不成立,      不成立,      不成立,,,,,,,,,,,,,,
東京エムジー時計,2024-07-10,,29,9,ー,時計,SY,ROLEX,,16013,,59番 ﾃﾞｲﾄｼﾞｬｽﾄ   ,,,,      不成立,      不成立,      不成立,,,,,,,,  不成立,,,,,,,
東京エムジー時計,2024-07-10,,29,10,ー,時計,SS,ROLEX,,16220,,S番 ﾃﾞｲﾄｼﾞｬｽﾄ   ,,,,      不成立,      不成立,      不成立,,,,,,,,  不成立,,,,,,,
東京エムジー時計,2024-07-10,,30,1,ー,時計,,ROLEX,,4112,,42番 保ﾁｪﾘｰﾆ   ,,,,      不成立,      不成立,      不成立,,,,,,,,  不成立,,,,,,,
東京エムジー時計,2024-07-10,,30,2,ー,時計,,ROLEX,,,,25番 保 　総16.2g  ,,,,落札,"      86,000",,,,,,,,  不成立,,,,,,,
東京エムジー時計,2024-07-10,,30,3,ー,時計,SR,ROLEX,,4081,,43番 ﾁｪﾘｰﾆ   ,,,,      不成立,      不成立,      不成立,,,,,,,,,,,,,,
東京エムジー時計,2024-07-10,,30,4,ー,時計,SW,ROLEX,,6424,,,,,,落札,"      133,000",,,,,,,,  不成立,,,,,,,
東京エムジー時計,2024-07-10,,30,5,ー,時計,SY,ROLEX,,1803,,28番 ﾃﾞｲﾃﾞｲﾄ   ,,,,落札,"      960,000",,,,,,,,,,,,,,
東京エムジー時計,2024-07-10,,30,6,ー,時計,SR,ROLEX,,1601,,20番 ﾃﾞｲﾄｼﾞｬｽﾄ   ,,,,落札,"      737,000",,,,,,,,,,,,,,
東京エムジー時計,2024-07-10,,30,7,ー,時計,SR,ROLEX,,1601,,7番 ﾃﾞｲﾄｼﾞｬｽﾄ   ,,,,落札,"      412,000",,,,,,,,,,,,,,
東京エムジー時計,2024-07-10,,30,8,ー,時計,SW,ROLEX,,6694,,,,,,落札,"      233,000",,,,,,,,,,,,,,
東京エムジー時計,2024-07-10,,30,9,ー,時計,SW,ROLEX,,6694,,型番 シリアル消え  ,,,,      不成立,      不成立,      不成立,,,,,,,,,,,,,,
東京エムジー時計,2024-07-10,,30,10,ー,時計,SW,ROLEX,,6694,,5番 ｵｲｽﾀｰﾃﾞｲﾄ  シリアル削れ  ,,,,落札,"      154,000",,,,,,,,  不成立,,,,,,,
東京エムジー時計,2024-07-10,,36,1,ー,時計,SW,ROLEX,,179174,,V番 ﾃﾞｲﾄｼﾞｬｽﾄ   ,,,,      不成立,      不成立,      不成立,,,,,,,,,,,,,,
東京エムジー時計,2024-07-10,,36,2,ー,時計,SW,ROLEX,,179174,,保,,,,      不成立,      不成立,      不成立,,,,,,,,  不成立,,,,,,,
東京エムジー時計,2024-07-10,,36,3,ー,時計,SW,ROLEX,,79174,,F番 ﾃﾞｲﾄｼﾞｬｽﾄ   ,,,,落札,"      350,000",,,,,,,,  不成立,,,,,,,
東京エムジー時計,2024-07-10,,36,4,ー,時計,SY,ROLEX,,69173,,47番 ﾃﾞｲﾄｼﾞｬｽﾄ   ,,,,落札,"      401,000",,,,,,,,,,,,,,
東京エムジー時計,2024-07-10,,36,5,ー,時計,SY,ROLEX,,69173,,95番 ﾃﾞｲﾄｼﾞｬｽﾄ   ,,,,落札,"      439,000",,,,,,,,,,,,,,
東京エムジー時計,2024-07-10,,36,6,ー,時計,SS,ROLEX,,176200,,ｺﾏ1,,,,落札,"      450,000",,,,,,,,,,,,,,
東京エムジー時計,2024-07-10,,38,1,ー,時計,SS,ROLEX,,116400,,保15,,,,落札,"      1,140,000",,,,,,,,,,,,,,
東京エムジー時計,2024-07-10,,38,2,ー,時計,SS,ROLEX,,116400,,V番 保ﾐﾙｶﾞｳｽ   ,,,,落札,"      1,070,000",,,,,,,,,,,,,,
東京エムジー時計,2024-07-10,,38,3,ー,時計,SW,ROLEX,,116264,,V番 保ﾀｰﾉｸﾞﾗﾌ   ,,,,落札,"      905,000",,,,,,,,,,,,,,
東京エムジー時計,2024-07-10,,38,4,ー,時計,SS,ROLEX,,114200,,M番 保ｴｱｷﾝｸﾞ   ,,,,落札,"      630,000",,,,,,,,,,,,,,
東京エムジー時計,2024-07-10,,38,5,ー,時計,SS,ROLEX,,126300,,保17,,,,落札,"      1,070,000",,,,,,,,,,,,,,
東京エムジー時計,2024-07-10,,38,6,ー,時計,SY,ROLEX,,126233,,,,,,      不成立,      不成立,      不成立,,,,,,,,,,,,,,
東京エムジー時計,2024-07-10,,38,7,ー,時計,SW,ROLEX,,116234,,D番 国ｻ保ﾃﾞｲﾄｼﾞｬｽﾄ   ,,,,落札,"      940,000",,,,,,,,  不成立,,,,,,,
東京エムジー時計,2024-07-10,,39,1,ー,時計,SY,ROLEX,,16013,,52番 ﾃﾞｲﾄｼﾞｬｽﾄ   ,,,,      不成立,      不成立,      不成立,,,,,,,,,,,,,,
東京エムジー時計,2024-07-10,,39,2,ー,時計,SY,ROLEX,,1003,,16番 ｵｲｽﾀｰﾊﾟｰﾍﾟﾁｭｱﾙ   ,,,,落札,"      260,000",,,,,,,,  不成立,,,,,,,
東京エムジー時計,2024-07-10,,46,1,ー,時計,SY,ROLEX,,116613,,保15,,,,落札,"      1,900,000",,,,,,,,,,,,,,
東京エムジー時計,2024-07-10,,46,2,ー,時計,,ROLEX,,126622,,保20・ｺﾏ2,,,,落札,"      1,710,000",,,,,,,,,,,,,,
東京エムジー時計,2024-07-10,,46,3,ー,時計,WG,ROLEX,,18239,,L番 ﾃﾞｲﾃﾞｲﾄ   ,,,,落札,"      2,070,000",,,,,,,,,,,,,,
東京エムジー時計,2024-07-10,,46,4,ー,時計,YG,ROLEX,,18238,,W番 ｺﾏ5ﾃﾞｲﾃﾞｲﾄ   ,,,,落札,"      2,220,000",,,,,,,,,,,,,,
東京エムジー時計,2024-07-10,,46,5,ー,時計,SR,ROLEX,,116261,,D番 保・ｺﾏ1ﾀｰﾉｸﾞﾗﾌ   ,,,,落札,"      1,260,000",,,,,,,,,,,,,,
東京エムジー時計,2024-07-10,,46,6,ー,時計,SY,ROLEX,,126333,,,,,,落札,"      1,750,000",,,,,,,,,,,,,,
東京エムジー時計,2024-07-10,,46,7,ー,時計,SY,ROLEX,,68273,,S番 保・ｺﾏ1ﾃﾞｲﾄｼﾞｬｽﾄ   ,,,,落札,"      827,000",,,,,,,,,,,,,,
東京エムジー時計,2024-07-10,,46,8,ー,時計,SS,ROLEX,,16220,,L番 保ﾃﾞｲﾄｼﾞｬｽﾄ   ,,,,落札,"      695,000",,,,,,,,,,,,,,
東京エムジー時計,2024-07-10,,46,9,ー,時計,SW,ROLEX,,69174,,U番 ﾃﾞｲﾄｼﾞｬｽﾄ   ,,,,落札,"      433,000",,,,,,,,,,,,,,
東京エムジー時計,2024-07-10,,46,10,ー,時計,SY,ROLEX,,69173,,S番 ﾃﾞｲﾄｼﾞｬｽﾄ   ,,,,落札,"      472,000",,,,,,,,,,,,,,
東京エムジー時計,2024-07-10,,47,2,ー,時計,SW,ROLEX,,16234,,E番 国サ保　  ,,,,      不成立,      不成立,      不成立,,,,,,,,,,,,,,
東京エムジー時計,2024-07-10,,48,1,ー,時計,SY,ROLEX,,69173,,Ｓ番 箱 保  ,,,,落札,"      470,000",,,,,,,,  不成立,,,,,,,
東京エムジー時計,2024-07-10,,48,2,ー,時計,SY,ROLEX,,67193,,Ｎ番   ,,,,落札,"      369,000",,,,,,,,,,,,,,
東京エムジー時計,2024-07-10,,48,3,ー,時計,SW,ROLEX,,16234,,Ｌ番   ,,,,落札,"      614,000",,,,,,,,,,,,,,
東京エムジー時計,2024-07-10,,49,1,ー,時計,SS,ROLEX,,14000,,A番 　シリアルスレ  ,,,,落札,"      365,000",,,,,,,,,,,,,,
東京エムジー時計,2024-07-10,,49,9,ー,時計,SS,ROLEX,,6430,,23番   ,,,,落札,"      140,000",,,,,,,,,,,,,,
東京エムジー時計,2024-07-10,,49,10,ー,時計,SY,ROLEX,,79173,,Ｋ番   ,,,,落札,"      438,000",,,,,,,,,,,,,,
東京エムジー時計,2024-07-10,,50,1,ー,時計,SY,ROLEX,,179173,,Ｄ番 箱 保  ,,,,      不成立,      不成立,      不成立,,,,,,,,,,,,,,
東京エムジー時計,2024-07-10,,50,3,ー,時計,SY,ROLEX,,69173,,Ｔ番   ,,,,落札,"      451,000",,,,,,,,  不成立,,,,,,,
東京エムジー時計,2024-07-10,,50,5,ー,時計,SW,ROLEX,,6694,,37番 　シリアルスレ  ,,,,落札,"      250,000",,,,,,,,,,,,,,
東京エムジー時計,2024-07-10,,50,7,ー,時計,SS,ROLEX,,5500,,22番   ,,,,落札,"      198,000",,,,,,,,,,,,,,
東京エムジー時計,2024-07-10,,51,3,ー,時計,SS,ROLEX,,114270,,Y番  エクスプローラーⅠ　  ,,,,落札,"      640,000",,,,,,,,,,,,,,
東京エムジー時計,2024-07-10,,51,4,ー,時計,SY,ROLEX,,69173,,T番  デイトジャスト　巻重シリアル削  ,,,,落札,"      358,000",,,,,,,,,,,,,,
東京エムジー時計,2024-07-10,,51,5,ー,時計,SW,ROLEX,,79174,,P番  デイトジャスト　リューズ不良針回しカレンダーOK  ,,,,落札,"      590,000",,,,,,,,,,,,,,
東京エムジー時計,2024-07-10,,51,6,ー,時計,SW,ROLEX,,16234,,F番  デイトジャスト　ローター音  ,,,,落札,"      653,000",,,,,,,,,,,,,,
東京エムジー時計,2024-07-10,,51,7,ー,時計,SY,ROLEX,,16233,,U番  デイトジャスト　不動裏開  ,,,,落札,"      645,000",,,,,,,,,,,,,,
東京エムジー時計,2024-07-10,,51,8,ー,時計,SY,ROLEX,,16013,,97番  デイトジャスト  ,,,,落札,"      655,000",,,,,,,,,,,,,,
東京エムジー時計,2024-07-10,,51,9,ー,時計,SY,ROLEX,,16233,,S番  デイトジャスト　カレ早  ,,,,落札,"      685,000",,,,,,,,,,,,,,
東京エムジー時計,2024-07-10,,51,10,ー,時計,SY,ROLEX,,16233,,T番  デイトジャスト  ,,,,落札,"      685,000",,,,,,,,,,,,,,
東京エムジー時計,2024-07-10,,52,1,ー,時計,SY,ROLEX,,16013,,98番  デイトジャスト   ,,,,落札,"      613,000",,,,,,,,,,,,,,
東京エムジー時計,2024-07-10,,52,2,ー,時計,SY,ROLEX,,16013,,74番 修理明細 デイトジャスト   ,,,,落札,"      570,000",,,,,,,,,,,,,,
東京エムジー時計,2024-07-10,,52,3,ー,時計,SY,ROLEX,,69173,,S番 保 5コマ デイトジャスト   ,,,,落札,"      405,000",,,,,,,,,,,,,,
東京エムジー時計,2024-07-10,,52,4,ー,時計,SY,ROLEX,,69173,,L番  デイトジャスト   ,,,,落札,"      404,000",,,,,,,,,,,,,,
東京エムジー時計,2024-07-10,,52,5,ー,時計,SS,ROLEX,,15200,,U番  オイスターパーペチュアルデイト   ,,,,落札,"      430,000",,,,,,,,,,,,,,
東京エムジー時計,2024-07-10,,52,6,ー,時計,SS,ROLEX,,67230,,N番 1コマ オイスターパーペチュアル　リューズ完全に閉まらない   ,,,,落札,"      180,000",,,,,,,,,,,,,,
東京エムジー時計,2024-07-10,,53,1,ー,時計,SR,ROLEX,,1601,,26番 保（切れ有） デイトジャスト　リューズ空回りする時有   ,,,,落札,"      417,000",,,,,,,,,,,,,,
東京エムジー時計,2024-07-10,,53,2,ー,時計,SR,ROLEX,,1601,,32番  デイトジャスト　リューズ不閉裏開クラスプ社外現状   ,,,,落札,"      348,000",,,,,,,,,,,,,,
東京エムジー時計,2024-07-10,,53,3,ー,時計,SR,ROLEX,,1601,,33番  デイトジャスト   ,,,,落札,"      417,000",,,,,,,,,,,,,,
東京エムジー時計,2024-07-10,,53,4,ー,時計,SR,ROLEX,,1601,,28番  デイトジャスト   ,,,,落札,"      434,000",,,,,,,,,,,,,,
東京エムジー時計,2024-07-10,,53,5,ー,時計,SS,ROLEX,,1600,,25番  デイトジャスト　リューズ不閉ローター音   ,,,,落札,"      373,000",,,,,,,,,,,,,,
東京エムジー時計,2024-07-10,,53,6,ー,時計,SW,ROLEX,,6694,,7番  オイスターデイト　リューズ不良日付時刻合わせ不可たまに巻上可   ,,,,落札,"      213,000",,,,,,,,,,,,,,
東京エムジー時計,2024-07-10,,53,7,ー,時計,PT,ROLEX,,6426,,35番  オイスタープレシジョン   ,,,,落札,"      186,000",,,,,,,,,,,,,,
東京エムジー時計,2024-07-10,,53,8,ー,時計,SW,ROLEX,,6694,,34番  オイスターデイト　サイクロップレンズ取れ   ,,,,落札,"      214,000",,,,,,,,,,,,,,
東京エムジー時計,2024-07-10,,53,9,ー,時計,SS,ROLEX,,3410,,34番  プレシジョン　社外ベルト尾錠純正   ,,,,落札,"      393,000",,,,,,,,,,,,,,
東京エムジー時計,2024-07-10,,53,10,ー,時計,その他,ROLEX,,4017,,43番  チェリーニ　キングマイダス　リューズ欠品ダイヤ見た目   ,,,,落札,"      303,000",,,,,,,,,,,,,,
東京エムジー時計,2024-07-10,,54,1,ー,時計,SS,ROLEX,,15200,,W番 2コマ オイスターパーペチュアルデイト   ,,,,落札,"      420,000",,,,,,,,,,,,,,
東京エムジー時計,2024-07-10,,54,2,ー,時計,SS,ROLEX,,78240,,P番 箱 保 3コマ オイスターパーペチュアルデイト  ,,,,落札,"      530,000",,,,,,,,,,,,,,
東京エムジー時計,2024-07-10,,54,3,ー,時計,SS,ROLEX,,76080,,A番  オイスターパーペチュアルデイト   ,,,,落札,"      260,000",,,,,,,,,,,,,,
東京エムジー時計,2024-07-10,,56,1,ー,時計,SW,ROLEX,,69174,,X番 箱 保 3コマ デイトジャスト  ,,,,落札,"      451,000",,,,,,,,,,,,,,
東京エムジー時計,2024-07-10,,56,2,ー,時計,SS,ROLEX,,76030,,A番 箱 保 2コマ オイスターパーペチュアル　シリアル削  ,,,,落札,"      276,000",,,,,,,,,,,,,,
東京エムジー時計,2024-07-10,,56,3,ー,時計,SW,ROLEX,,179174,,D番 箱 デイトジャスト  ,,,,落札,"      706,000",,,,,,,,,,,,,,
東京エムジー時計,2024-07-10,,56,4,ー,時計,SW,ROLEX,,179174,,箱 保(2014/10) 2コマ,,,,落札,"      890,000",,,,,,,,,,,,,,
東京エムジー時計,2024-07-10,,56,5,ー,時計,SY,ROLEX,,69173,,E番 箱 デイトジャスト  ,,,,落札,"      420,000",,,,,,,,,,,,,,
東京エムジー時計,2024-07-10,,56,6,ー,時計,SY,ROLEX,,79173,,K番 箱 保 2コマ デイトジャスト  ,,,,落札,"      575,000",,,,,,,,,,,,,,
東京エムジー時計,2024-07-10,,56,7,ー,時計,SW,ROLEX,,68274,,U番 箱 保 5コマ デイトジャスト　カレ遅  ,,,,落札,"      721,000",,,,,,,,,,,,,,
東京エムジー時計,2024-07-10,,56,8,ー,時計,SS,ROLEX,,68240,,U番 箱 保 デイトジャスト　ケース破損  ,,,,落札,"      460,000",,,,,,,,,,,,,,
東京エムジー時計,2024-07-10,,56,9,ー,時計,SW,ROLEX,,16234,,X番 箱 保 修理明細 4コマ デイトジャスト  ,,,,落札,"      670,000",,,,,,,,,,,,,,
東京エムジー時計,2024-07-10,,56,10,ー,時計,SS,ROLEX,,114270,,Y番 箱 エクスプローラーⅠ  ,,,,落札,"      650,000",,,,,,,,,,,,,,
東京エムジー時計,2024-07-10,,57,1,ー,時計,SS,ROLEX,,214270,,箱 保 1コマ,,,,落札,"      970,000",,,,,,,,,,,,,,
東京エムジー時計,2024-07-10,,57,2,ー,時計,SS,ROLEX,,16570,,D番 箱 保 エクスプローラーⅡ  ,,,,落札,"      985,000",,,,,,,,,,,,,,
東京エムジー時計,2024-07-10,,57,3,ー,時計,SS,ROLEX,,16600,,F番 箱 2コマ シードゥエラー  ,,,,落札,"      970,000",,,,,,,,,,,,,,
東京エムジー時計,2024-07-10,,57,4,ー,時計,SW,ROLEX,,16234,,Y番 ケース デイトジャスト  ,,,,落札,"      750,000",,,,,,,,,,,,,,
東京エムジー時計,2024-07-10,,57,5,ー,時計,SY,ROLEX,,16233,,U番 箱 保 デイトジャスト　針震える  ,,,,落札,"      750,000",,,,,,,,,,,,,,
東京エムジー時計,2024-07-10,,57,6,ー,時計,SY,ROLEX,,16233,,L番 箱 保 サ保 3コマ デイトジャスト  ,,,,落札,"      733,000",,,,,,,,,,,,,,
東京エムジー時計,2024-07-10,,57,7,ー,時計,SY,ROLEX,,16233,,S番 箱 サ保 デイトジャスト  ,,,,落札,"      685,000",,,,,,,,,,,,,,
東京エムジー時計,2024-07-10,,57,8,ー,時計,SW,ROLEX,,116234,,箱 保(2011/9),,,,落札,"      995,000",,,,,,,,,,,,,,
東京エムジー時計,2024-07-10,,57,9,ー,時計,SS,ROLEX,,116300,,箱 保(2017/2),,,,落札,"      1,080,000",,,,,,,,,,,,,,
東京エムジー時計,2024-07-10,,57,10,ー,時計,SY,ROLEX,,279173,,箱 保(2020/8),,,,落札,"      1,460,000",,,,,,,,,,,,,,
東京エムジー時計,2024-07-10,,58,2,ー,時計,SY,ROLEX,,69173,,U番 ケース 2コマ デイトジャスト  ,,,,落札,"      556,000",,,,,,,,,,,,,,
東京エムジー時計,2024-07-10,,58,3,ー,時計,SW,ROLEX,,79174,,F番 箱 保 1コマ デイトジャスト  ,,,,落札,"      430,000",,,,,,,,,,,,,,
東京エムジー時計,2024-07-10,,58,4,ー,時計,SS,ROLEX,,14000,,U番 箱 保 2コマ エアキング  ,,,,落札,"      469,000",,,,,,,,,,,,,,
東京エムジー時計,2024-07-10,,58,5,ー,時計,SS,ROLEX,,15200,,U番 箱 保 オイスターパーペチュアルデイト  ,,,,落札,"      540,000",,,,,,,,,,,,,,
東京エムジー時計,2024-07-10,,58,6,ー,時計,SS,ROLEX,,15200,,A番 箱 オイスターパーペチュアルデイト　シリアル削れ針震える  ,,,,落札,"      356,000",,,,,,,,,,,,,,
東京エムジー時計,2024-07-10,,58,7,ー,時計,SS,ROLEX,,14000,,U番 ケース 3コマ エアキング　シリアル削れ  ,,,,落札,"      381,000",,,,,,,,,,,,,,
東京エムジー時計,2024-07-10,,58,8,ー,時計,SS,ROLEX,,116200,,箱 保(2014/9) 1コマ,,,,落札,"      840,000",,,,,,,,,,,,,,
東京エムジー時計,2024-07-10,,64,5,ー,時計,,ROLEX,,,,,,,,落札,"      73,000",,,,,,,,,,,,,,
東京エムジー時計,2024-07-10,,64,6,ー,時計,,ROLEX,,,,27番  プレシジョン　尾錠純正　社外ベルト 総13.8ｇ  ,,,,落札,"      153,000",,,,,,,,,,,,,,
東京エムジー時計,2024-07-10,,64,7,ー,時計,,ROLEX,,,,13番  プレシジョン  ,,,,落札,"      87,000",,,,,,,,,,,,,,
東京エムジー時計,2024-07-10,,64,8,ー,時計,,ROLEX,,,,,,,,落札,"      93,000",,,,,,,,,,,,,,
東京エムジー時計,2024-07-10,,64,9,ー,時計,,ROLEX,,,,37番  プレシジョン見た目  ,,,,落札,"      100,000",,,,,,,,,,,,,,
東京エムジー時計,2024-07-10,,64,10,ー,時計,,ROLEX,,,,26番  チェリーニ　　ブレス見た目切れ 　総46.4ｇ  ,,,,落札,"      95,000",,,,,,,,,,,,,,
東京エムジー時計,2024-07-10,,67,2,ー,時計,SY,ROLEX,,69173,,箱 保 4コマ,,,,落札,"      475,000",,,,,,,,,,,,,,
東京エムジー時計,2024-07-10,,68,10,ー,時計,SY,ROLEX,,69173,,X番 箱 7コマ デイトジャスト  ,,,,落札,"      404,000",,,,,,,,,,,,,,
東京エムジー時計,2024-07-10,,139,1,ー,時計,その他,ROLEX,,6517,,,,,,落札,"      202,000",,,,,,,,,,,,,,
東京エムジー時計,2024-07-10,,139,2,ー,時計,SY,ROLEX,,116523,,ランダム番 保  ,,,,落札,"      2,300,000",,,,,,,,,,,,,,
東京エムジー時計,2024-07-10,,139,3,ー,時計,SY,ROLEX,,16233,,R番   ,,,,落札,"      640,000",,,,,,,,,,,,,,
東京エムジー時計,2024-07-10,,139,4,ー,時計,SY,ROLEX,,16233,,S番 保  ,,,,落札,"      980,000",,,,,,,,,,,,,,
東京エムジー時計,2024-07-10,,139,5,ー,時計,SS,ROLEX,,14060,,W番 保 ｺﾏ  ,,,,落札,"      1,200,000",,,,,,,,,,,,,,
東京エムジー時計,2024-07-10,,139,6,ー,時計,YG,ROLEX,,69178,,L番 保  ,,,,落札,"      1,410,000",,,,,,,,,,,,,,
東京エムジー時計,2024-07-10,,139,7,ー,時計,SY,ROLEX,,126603,,ランダム番 保 コマ  ,,,,落札,"      2,230,000",,,,,,,,,,,,,,
東京エムジー時計,2024-07-10,,140,1,ー,時計,,ROLEX,,1002,,1番   ,,,,落札,"      520,000",,,,,,,,,,,,,,
東京エムジー時計,2024-07-10,,140,2,ー,時計,SS,ROLEX,,116200,,M番 保 コマ  ,,,,落札,"      760,000",,,,,,,,,,,,,,
東京エムジー時計,2024-07-10,,140,3,ー,時計,SY,ROLEX,,16233,,E番 保  ,,,,落札,"      1,000,000",,,,,,,,,,,,,,
東京エムジー時計,2024-07-10,,140,4,ー,時計,SY,ROLEX,,116713,,ランダム番 保  ,,,,落札,"      1,850,000",,,,,,,,,,,,,,
東京エムジー時計,2024-07-10,,140,5,ー,時計,SS,ROLEX,,126660,,ランダム番 保ｺﾏ  ,,,,落札,"      1,900,000",,,,,,,,,,,,,,
東京エムジー時計,2024-07-10,,140,6,ー,時計,YG,ROLEX,,18238,,W番 保  ,,,,落札,"      2,700,000",,,,,,,,,,,,,,
東京エムジー時計,2024-07-10,,145,3,ー,時計,RG,ROLEX,,50505,,箱 保,,,,落札,"      1,580,000",,,,,,,,,,,,,,
東京エムジー時計,2024-07-10,,145,4,ー,時計,,ROLEX,,,,,,,,落札,"      28,000",,,,,,,,,,,,,,
東京エムジー時計,2024-07-10,,171,1,ー,時計,SS,ROLEX,,126000,,保 コマ,,,,落札,"      1,870,000",,,,,,,,,,,,,,
東京エムジー時計,2024-07-10,,172,8,ー,時計,SS,ROLEX,,14000,,X番 箱 保 冊子　リューズ巻上げ若干違和感  ,,,,落札,"      500,000",,,,,,,,,,,,,,
東京エムジー時計,2024-07-10,,180,3,ー,時計,SY,ROLEX,,69173,,Ｓ番 箱 コマ 説デイトジャスト　　10Ｐダイヤ　コンビ　　　　　　  ,,,,落札,"      413,000",,,,,,,,,,,,,,
東京エムジー時計,2024-07-10,,184,2,ー,時計,,ROLEX,,,,,,,,落札,"      403,000",,,,,,,,,,,,,,
東京エムジー時計,2024-07-10,,188,6,ー,時計,,ROLEX,,,,16番 　10.30ｇ  ,,,,      不成立,      不成立,      不成立,,,,,,,,,,,,,,
東京エムジー時計,2024-07-10,,188,7,ー,時計,SY,ROLEX,,6633,,K番 　不動  ,,,,      不成立,      不成立,      不成立,,,,,,,,  不成立,,,,,,,
東京エムジー時計,2024-07-10,,190,2,ー,時計,SS,ROLEX,,116520,,保,,,,      不成立,      不成立,      不成立,,,,,,,,  不成立,,,,,,,
東京エムジー時計,2024-07-10,,210,1,ー,時計,SS,ROLEX,,16610,,L番 箱 保 コマ  ,,,,落札,"      1,070,000",,,,,,,,  不成立,,,,,,,
東京エムジー時計,2024-07-10,,211,4,ー,時計,SY,ROLEX,,1603,,,,,,落札,"      343,000",,,,,,,,,,,,,,
東京エムジー時計,2024-07-10,,217,4,ー,時計,SW,ROLEX,,16014,,,,,,落札,"      532,000",,,,,,,,,,,,,,
東京エムジー時計,2024-07-10,,217,5,ー,時計,その他,ROLEX,,6917,,,,,,落札,"      283,000",,,,,,,,,,,,,,
東京エムジー時計,2024-07-10,,217,6,ー,時計,SY,ROLEX,,1603,,,,,,      不成立,      不成立,      不成立,,,,,,,,,,,,,,
東京エムジー時計,2024-07-10,,218,2,ー,時計,YG,ROLEX,,18048,,97番   ,,,,落札,"      1,890,000",,,,,,,,  不成立,,,,,,,
東京エムジー時計,2024-07-10,,218,4,ー,時計,SW,ROLEX,,179174,,Ｄ番 　シェルダイヤ  ,,,,落札,"      855,000",,,,,,,,,,,,,,
東京エムジー時計,2024-07-10,,218,7,ー,時計,SR,ROLEX,,1601,,25番 　ベルト社外　バックル純正  ,,,,落札,"      371,000",,,,,,,,,,,,,,
東京エムジー時計,2024-07-10,,218,8,ー,時計,SS,ROLEX,,14000,,A番 　削れ  ,,,,落札,"      380,000",,,,,,,,,,,,,,
東京エムジー時計,2024-07-10,,218,9,ー,時計,SY,ROLEX,,16233,,Ｌ番   ,,,,落札,"      658,000",,,,,,,,,,,,,,
東京エムジー時計,2024-07-10,,222,1,ー,時計,SS,ROLEX,,126710,,保21,,,,落札,"      2,960,000",,,,,,,,,,,,,,
東京エムジー時計,2024-07-10,,223,1,ー,時計,SS,ROLEX,,1500,,28番   ,,,,落札,"      304,000",,,,,,,,,,,,,,
東京エムジー時計,2024-07-10,,223,2,ー,時計,SS,ROLEX,,5500,,39番   ,,,,落札,"      270,000",,,,,,,,,,,,,,
東京エムジー時計,2024-07-10,,223,3,ー,時計,SR,ROLEX,,1601,,41番   ,,,,      不成立,      不成立,      不成立,,,,,,,,,,,,,,
東京エムジー時計,2024-07-10,,223,4,ー,時計,PT,ROLEX,,6426,,36番   ,,,,落札,"      248,000",,,,,,,,  不成立,,,,,,,
東京エムジー時計,2024-07-10,,223,5,ー,時計,SS,ROLEX,,5500,,33番   ,,,,      不成立,      不成立,      不成立,,,,,,,,,,,,,,
東京エムジー時計,2024-07-10,,223,9,ー,時計,SS,ROLEX,,5500,,65番 　リューズ取れ  ,,,,      不成立,      不成立,      不成立,,,,,,,,  不成立,,,,,,,
東京エムジー時計,2024-07-10,,233,1,ー,時計,SY,ROLEX,,69173,,E番   ,,,,落札,"      411,000",,,,,,,,  不成立,,,,,,,
東京エムジー時計,2024-07-10,,234,1,ー,時計,SW,ROLEX,,16234,,X番   ,,,,      不成立,      不成立,      不成立,,,,,,,,,,,,,,
東京エムジー時計,2024-07-10,,234,2,ー,時計,SR,ROLEX,,1601,,41番   ,,,,落札,"      449,000",,,,,,,,  不成立,,,,,,,
東京エムジー時計,2024-07-10,,234,3,ー,時計,SY,ROLEX,,67483,,T番   ,,,,落札,"      363,000",,,,,,,,,,,,,,
東京エムジー時計,2024-07-10,,234,4,ー,時計,SY,ROLEX,,69173,,U番   ,,,,落札,"      465,000",,,,,,,,,,,,,,
東京エムジー時計,2024-07-10,,234,5,ー,時計,PT,ROLEX,,6516,,24番   ,,,,落札,"      158,000",,,,,,,,,,,,,,
東京エムジー時計,2024-07-10,,234,6,ー,時計,YG,ROLEX,,6718,,37番   ,,,,落札,"      123,000",,,,,,,,,,,,,,
東京エムジー時計,2024-07-10,,234,7,ー,時計,SS,ROLEX,,6410,,26番   ,,,,落札,"      130,000",,,,,,,,,,,,,,
東京エムジー時計,2024-07-10,,235,1,ー,時計,SS,ROLEX,,16030,,54番   ,,,,落札,"      492,000",,,,,,,,,,,,,,
東京エムジー時計,2024-07-10,,235,2,ー,時計,SR,ROLEX,,1601,,29番 　リューズ取れ現状  ,,,,      不成立,      不成立,      不成立,,,,,,,,,,,,,,
東京エムジー時計,2024-07-10,,235,3,ー,時計,SS,ROLEX,,1500,,21番   ,,,,落札,"      223,000",,,,,,,,  不成立,,,,,,,
東京エムジー時計,2024-07-10,,235,4,ー,時計,SW,ROLEX,,6694,,29番   ,,,,落札,"      230,000",,,,,,,,,,,,,,
東京エムジー時計,2024-07-10,,235,5,ー,時計,SW,ROLEX,,6694,,53番   ,,,,落札,"      158,000",,,,,,,,,,,,,,
東京エムジー時計,2024-07-10,,235,6,ー,時計,その他,ROLEX,,6917,,81番   ,,,,落札,"      203,000",,,,,,,,,,,,,,
東京エムジー時計,2024-07-10,,235,7,ー,時計,WG,ROLEX,,6619,,15番   ,,,,落札,"      120,000",,,,,,,,,,,,,,
東京エムジー時計,2024-07-10,,236,5,ー,時計,SW,ROLEX,,2654,,34番 　12.5g  ,,,,      不成立,      不成立,      不成立,,,,,,,,,,,,,,
東京エムジー時計,2024-07-10,,236,6,ー,時計,PT,ROLEX,,3806,,42番 ロレックス見積書  ,,,,落札,"      243,000",,,,,,,,  不成立,,,,,,,
東京エムジー時計,2024-07-10,,236,7,ー,時計,SW,ROLEX,,6924,,38番   ,,,,落札,"      233,000",,,,,,,,,,,,,,
東京エムジー時計,2024-07-10,,238,4,ー,時計,YG,ROLEX,,69138,,R番 箱  ,,,,落札,"      1,760,000",,,,,,,,,,,,,,
東京エムジー時計,2024-07-10,,238,5,ー,時計,YG,ROLEX,,69178,,Ｒ番 箱 保  ,,,,落札,"      1,110,000",,,,,,,,,,,,,,
東京エムジー時計,2024-07-10,,238,6,ー,時計,SY,ROLEX,,16233,,X番 箱  ,,,,落札,"      680,000",,,,,,,,,,,,,,
東京エムジー時計,2024-07-10,,238,7,ー,時計,SW,ROLEX,,116264,,Ｍ番 箱 保  ,,,,落札,"      920,000",,,,,,,,,,,,,,
東京エムジー時計,2024-07-10,,238,8,ー,時計,SW,ROLEX,,68274,,N番 箱 保  ,,,,落札,"      710,000",,,,,,,,,,,,,,
東京エムジー時計,2024-07-10,,238,9,ー,時計,SY,ROLEX,,68273,,S番 箱 保  ,,,,落札,"      800,000",,,,,,,,,,,,,,
東京エムジー時計,2024-07-10,,238,10,ー,時計,SS,ROLEX,,14270,,T番 箱 保 コマ  ,,,,落札,"      683,000",,,,,,,,,,,,,,
東京エムジー時計,2024-07-10,,239,1,ー,時計,SY,ROLEX,,16013,,9番 箱  ,,,,落札,"      633,000",,,,,,,,,,,,,,
東京エムジー時計,2024-07-10,,239,2,ー,時計,SW,ROLEX,,16234,,F番   ,,,,落札,"      647,000",,,,,,,,,,,,,,
東京エムジー時計,2024-07-10,,239,3,ー,時計,SS,ROLEX,,16220,,E番   ,,,,落札,"      470,000",,,,,,,,,,,,,,
東京エムジー時計,2024-07-10,,239,4,ー,時計,SS,ROLEX,,5500,,2番   ,,,,落札,"      490,000",,,,,,,,,,,,,,
東京エムジー時計,2024-07-10,,242,1,ー,時計,,ROLEX,,,,,,,,落札,"      52,000",,,,,,,,,,,,,,
東京エムジー時計,2024-07-10,,242,3,ー,時計,,ROLEX,,,,,,,,落札,"      16,000",,,,,,,,,,,,,,
東京エムジー時計,2024-07-10,,242,6,ー,時計,PT,ROLEX,,6426,,3番   ,,,,落札,"      241,000",,,,,,,,,,,,,,
東京エムジー時計,2024-07-10,,242,7,ー,時計,SW,ROLEX,,69174,,U番 箱 コマ  ,,,,落札,"      399,000",,,,,,,,,,,,,,
東京エムジー時計,2024-07-10,,242,8,ー,時計,SS,ROLEX,,16570,,D番 箱 コマ 保  ,,,,落札,"      857,000",,,,,,,,,,,,,,
東京エムジー時計,2024-07-10,,242,10,ー,時計,SW,ROLEX,,79174,,K番   ,,,,落札,"      410,000",,,,,,,,,,,,,,
