東京エムジー時計,2024-02-28,,1,3,ー,時計,RG,ROLEX,,116515,,保16,,,,落札,"      4,000,000",,,,,,,,,,,,,,
東京エムジー時計,2024-02-28,,2,8,ー,時計,YG,ROLEX,,18238,,L番   ,,,,落札,"      1,970,000",,,,,,,,,,,,,,
東京エムジー時計,2024-02-28,,4,1,ー,時計,SY,ROLEX,,116503,,保17,,,,落札,"      3,300,000",,,,,,,,,,,,,,
東京エムジー時計,2024-02-28,,4,2,ー,時計,SY,ROLEX,,116503,,保20,,,,落札,"      2,580,000",,,,,,,,,,,,,,
東京エムジー時計,2024-02-28,,4,3,ー,時計,SS,ROLEX,,16610,,保,,,,      不成立,      不成立,      不成立,,,,,,,,,,,,,,
東京エムジー時計,2024-02-28,,4,4,ー,時計,SY,ROLEX,,116503,,保19,,,,落札,"      2,670,000",,,,,,,,  不成立,,,,,,,
東京エムジー時計,2024-02-28,,4,5,ー,時計,SS,ROLEX,,116710,,保16,,,,落札,"      1,920,000",,,,,,,,,,,,,,
東京エムジー時計,2024-02-28,,4,6,ー,時計,SS,ROLEX,,116710,,V番 保  ,,,,落札,"      1,420,000",,,,,,,,,,,,,,
東京エムジー時計,2024-02-28,,4,7,ー,時計,SS,ROLEX,,116710,,G番 保  ,,,,落札,"      1,500,000",,,,,,,,,,,,,,
東京エムジー時計,2024-02-28,,4,8,ー,時計,SS,ROLEX,,116610,,保19,,,,落札,"      1,460,000",,,,,,,,,,,,,,
東京エムジー時計,2024-02-28,,4,9,ー,時計,SS,ROLEX,,116610,,保18,,,,落札,"      1,460,000",,,,,,,,,,,,,,
東京エムジー時計,2024-02-28,,4,10,ー,時計,SS,ROLEX,,116400,,,,,,      不成立,      不成立,      不成立,,,,,,,,,,,,,,
東京エムジー時計,2024-02-28,,5,1,ー,時計,WG,ROLEX,,218239,,保15,,,,      不成立,      不成立,      不成立,,,,,,,,  不成立,,,,,,,
東京エムジー時計,2024-02-28,,5,2,ー,時計,YG,ROLEX,,116618,,保19,,,,      不成立,      不成立,      不成立,,,,,,,,  不成立,,,,,,,
東京エムジー時計,2024-02-28,,5,3,ー,時計,SS,ROLEX,,126720,,保23/8,,,,落札,"      2,550,000",,,,,,,,  不成立,,,,,,,
東京エムジー時計,2024-02-28,,5,4,ー,時計,SS,ROLEX,,126710,,保23/5,,,,落札,"      2,305,000",,,,,,,,,,,,,,
東京エムジー時計,2024-02-28,,5,5,ー,時計,SW,ROLEX,,116264,,D番 国ｻ保  ,,,,落札,"      850,000",,,,,,,,,,,,,,
東京エムジー時計,2024-02-28,,5,6,ー,時計,SR,ROLEX,,126331,,保16,,,,落札,"      2,035,000",,,,,,,,,,,,,,
東京エムジー時計,2024-02-28,,5,7,ー,時計,SS,ROLEX,,216570,,保19,,,,落札,"      1,120,000",,,,,,,,,,,,,,
東京エムジー時計,2024-02-28,,5,8,ー,時計,SR,ROLEX,,116231,,保,,,,落札,"      1,475,000",,,,,,,,,,,,,,
東京エムジー時計,2024-02-28,,5,9,ー,時計,SS,ROLEX,,126200,,保23/12,,,,落札,"      1,120,000",,,,,,,,,,,,,,
東京エムジー時計,2024-02-28,,5,10,ー,時計,SS,ROLEX,,214270,,保15,,,,落札,"      810,000",,,,,,,,,,,,,,
東京エムジー時計,2024-02-28,,6,1,ー,時計,SS,ROLEX,,16520,,A番   ,,,,落札,"      2,510,000",,,,,,,,,,,,,,
東京エムジー時計,2024-02-28,,6,2,ー,時計,SS,ROLEX,,16520,,Ｓ番   ,,,,落札,"      3,510,000",,,,,,,,,,,,,,
東京エムジー時計,2024-02-28,,6,3,ー,時計,SS,ROLEX,,16520,,A番 コマ2  ,,,,落札,"      2,600,000",,,,,,,,,,,,,,
東京エムジー時計,2024-02-28,,6,5,ー,時計,SS,ROLEX,,214270,,,,,,落札,"      710,000",,,,,,,,,,,,,,
東京エムジー時計,2024-02-28,,6,6,ー,時計,SS,ROLEX,,16570,,K番   ,,,,落札,"      759,000",,,,,,,,,,,,,,
東京エムジー時計,2024-02-28,,6,7,ー,時計,SS,ROLEX,,16710,,Ｔ番 保 コマ2  ,,,,落札,"      1,440,000",,,,,,,,,,,,,,
東京エムジー時計,2024-02-28,,6,8,ー,時計,SS,ROLEX,,126710,,保 コマ3,,,,落札,"      2,160,000",,,,,,,,,,,,,,
東京エムジー時計,2024-02-28,,6,9,ー,時計,SS,ROLEX,,16710,,U番 保 コマ2  ,,,,落札,"      1,450,000",,,,,,,,,,,,,,
東京エムジー時計,2024-02-28,,7,1,ー,時計,SS,ROLEX,,126000,,箱 保 冊子 コマ,,,,      不成立,      不成立,      不成立,,,,,,,,,,,,,,
東京エムジー時計,2024-02-28,,7,3,ー,時計,SY,ROLEX,,16233,,箱 保,,,,落札,"      700,000",,,,,,,,  不成立,,,,,,,
東京エムジー時計,2024-02-28,,7,4,ー,時計,SS,ROLEX,,116200,,Ｍ番 箱  ,,,,落札,"      679,000",,,,,,,,,,,,,,
東京エムジー時計,2024-02-28,,7,5,ー,時計,SY,ROLEX,,79173,,箱 保 冊子 コマ,,,,落札,"      476,000",,,,,,,,,,,,,,
東京エムジー時計,2024-02-28,,7,6,ー,時計,YG,ROLEX,,69178,,箱,,,,落札,"      885,000",,,,,,,,,,,,,,
東京エムジー時計,2024-02-28,,7,7,ー,時計,SS,ROLEX,,116200,,Ｍ番 箱 保 冊子  ,,,,落札,"      753,000",,,,,,,,,,,,,,
東京エムジー時計,2024-02-28,,7,8,ー,時計,その他,ROLEX,,6917,,,,,,落札,"      208,000",,,,,,,,,,,,,,
東京エムジー時計,2024-02-28,,7,9,ー,時計,その他,ROLEX,,6917,,,,,,落札,"      236,000",,,,,,,,,,,,,,
東京エムジー時計,2024-02-28,,7,10,ー,時計,その他,ROLEX,,6917,,,,,,落札,"      293,000",,,,,,,,,,,,,,
東京エムジー時計,2024-02-28,,8,6,ー,時計,SS,ROLEX,,17000,,外箱,,,,落札,"      304,000",,,,,,,,,,,,,,
東京エムジー時計,2024-02-28,,9,1,ー,時計,SS,ROLEX,,126660,,箱 保,,,,落札,"      1,700,000",,,,,,,,,,,,,,
東京エムジー時計,2024-02-28,,9,2,ー,時計,SY,ROLEX,,116613,,箱 保,,,,落札,"      1,700,000",,,,,,,,,,,,,,
東京エムジー時計,2024-02-28,,12,1,ー,時計,SS,ROLEX,,16710,,F番   ,,,,      不成立,      不成立,      不成立,,,,,,,,,,,,,,
東京エムジー時計,2024-02-28,,12,2,ー,時計,SS,ROLEX,,114200,,保,,,,落札,"      750,000",,,,,,,,  不成立,,,,,,,
東京エムジー時計,2024-02-28,,12,3,ー,時計,SS,ROLEX,,116520,,保 箱,,,,      不成立,      不成立,      不成立,,,,,,,,,,,,,,
東京エムジー時計,2024-02-28,,13,1,ー,時計,SY,ROLEX,,69173,,コマ4,,,,落札,"      357,000",,,,,,,,  不成立,,,,,,,
東京エムジー時計,2024-02-28,,13,2,ー,時計,その他,ROLEX,,6917,,,,,,落札,"      206,000",,,,,,,,,,,,,,
東京エムジー時計,2024-02-28,,14,1,ー,時計,,ROLEX,,,,箱,,,,落札,"      184,000",,,,,,,,,,,,,,
東京エムジー時計,2024-02-28,,15,2,ー,時計,その他,ROLEX,,6517,,,,,,落札,"      203,000",,,,,,,,,,,,,,
東京エムジー時計,2024-02-28,,17,1,ー,時計,SS,ROLEX,,116520,,P番   ,,,,落札,"      2,230,000",,,,,,,,,,,,,,
東京エムジー時計,2024-02-28,,17,2,ー,時計,SY,ROLEX,,126333,,,,,,      不成立,      不成立,      不成立,,,,,,,,,,,,,,
東京エムジー時計,2024-02-28,,17,3,ー,時計,SS,ROLEX,,116610,,保17,,,,落札,"      1,450,000",,,,,,,,  不成立,,,,,,,
東京エムジー時計,2024-02-28,,17,4,ー,時計,SS,ROLEX,,114270,,M番 保  ,,,,落札,"      701,000",,,,,,,,,,,,,,
東京エムジー時計,2024-02-28,,17,5,ー,時計,SS,ROLEX,,214270,,,,,,落札,"      650,000",,,,,,,,,,,,,,
東京エムジー時計,2024-02-28,,17,6,ー,時計,SS,ROLEX,,216570,,保19,,,,落札,"      1,130,000",,,,,,,,,,,,,,
東京エムジー時計,2024-02-28,,17,7,ー,時計,SW,ROLEX,,116234,,M番 国ｻ保  ,,,,落札,"      814,000",,,,,,,,,,,,,,
東京エムジー時計,2024-02-28,,17,8,ー,時計,SW,ROLEX,,116234,,D番   ,,,,落札,"      854,000",,,,,,,,,,,,,,
東京エムジー時計,2024-02-28,,17,9,ー,時計,SW,ROLEX,,116234,,M番   ,,,,落札,"      848,000",,,,,,,,,,,,,,
東京エムジー時計,2024-02-28,,17,10,ー,時計,SW,ROLEX,,116234,,D番   ,,,,落札,"      1,040,000",,,,,,,,,,,,,,
東京エムジー時計,2024-02-28,,18,1,ー,時計,SY,ROLEX,,16523,,A番 保  ,,,,落札,"      2,000,000",,,,,,,,,,,,,,
東京エムジー時計,2024-02-28,,18,2,ー,時計,SY,ROLEX,,16523,,E番 修明 国ｻ保  ,,,,落札,"      1,550,000",,,,,,,,,,,,,,
東京エムジー時計,2024-02-28,,18,3,ー,時計,SS,ROLEX,,16520,,U番   ,,,,落札,"      2,610,000",,,,,,,,,,,,,,
東京エムジー時計,2024-02-28,,18,4,ー,時計,SY,ROLEX,,16523,,U番   ,,,,落札,"      1,840,000",,,,,,,,,,,,,,
東京エムジー時計,2024-02-28,,18,5,ー,時計,SY,ROLEX,,16713,,X番 保(1994/8) 国ｻ保 ｽﾃｨｯｸﾀﾞｲﾔﾙ  ,,,,落札,"      1,275,000",,,,,,,,,,,,,,
東京エムジー時計,2024-02-28,,18,6,ー,時計,YG,ROLEX,,18238,,E番   ,,,,落札,"      1,940,000",,,,,,,,,,,,,,
東京エムジー時計,2024-02-28,,18,7,ー,時計,SS,ROLEX,,16570,,K番 保 国ｻ保  ,,,,落札,"      840,000",,,,,,,,,,,,,,
東京エムジー時計,2024-02-28,,18,8,ー,時計,SS,ROLEX,,16570,,U番 保 　  ,,,,落札,"      839,000",,,,,,,,,,,,,,
東京エムジー時計,2024-02-28,,18,9,ー,時計,SS,ROLEX,,16700,,U番 保  ,,,,落札,"      1,465,000",,,,,,,,,,,,,,
東京エムジー時計,2024-02-28,,18,10,ー,時計,SS,ROLEX,,14010,,U番  ｼﾘｱﾙ削れ  ,,,,落札,"      335,000",,,,,,,,,,,,,,
東京エムジー時計,2024-02-28,,19,1,ー,時計,SY,ROLEX,,16523,,N番  逆6  ,,,,落札,"      1,720,000",,,,,,,,,,,,,,
東京エムジー時計,2024-02-28,,19,2,ー,時計,YG,ROLEX,,18238,,E番   ,,,,落札,"      2,120,000",,,,,,,,,,,,,,
東京エムジー時計,2024-02-28,,19,3,ー,時計,YG,ROLEX,,18038,,R番   ,,,,落札,"      1,715,000",,,,,,,,,,,,,,
東京エムジー時計,2024-02-28,,19,4,ー,時計,SY,ROLEX,,16233,,L番   ,,,,      不成立,      不成立,      不成立,,,,,,,,,,,,,,
東京エムジー時計,2024-02-28,,19,5,ー,時計,RG,ROLEX,,50505,,Z番 保18  ,,,,      不成立,      不成立,      不成立,,,,,,,,  不成立,,,,,,,
東京エムジー時計,2024-02-28,,19,6,ー,時計,SW,ROLEX,,16234,,U番   ,,,,落札,"      611,000",,,,,,,,  不成立,,,,,,,
東京エムジー時計,2024-02-28,,19,7,ー,時計,SY,ROLEX,,16233,,T番   ,,,,落札,"      645,000",,,,,,,,,,,,,,
東京エムジー時計,2024-02-28,,19,8,ー,時計,WG,ROLEX,,116189,,V番   ,,,,      不成立,      不成立,      不成立,,,,,,,,,,,,,,
東京エムジー時計,2024-02-28,,19,9,ー,時計,SY,ROLEX,,116233,,Z番   ,,,,落札,"      530,000",,,,,,,,  不成立,,,,,,,
東京エムジー時計,2024-02-28,,19,10,ー,時計,SY,ROLEX,,16013,,96番   ,,,,落札,"      603,000",,,,,,,,,,,,,,
東京エムジー時計,2024-02-28,,20,1,ー,時計,WG,ROLEX,,118239,,Y番   ,,,,落札,"      2,470,000",,,,,,,,,,,,,,
東京エムジー時計,2024-02-28,,20,2,ー,時計,SW,ROLEX,,126234,,,,,,      不成立,      不成立,      不成立,,,,,,,,,,,,,,
東京エムジー時計,2024-02-28,,20,3,ー,時計,SW,ROLEX,,116234,,,,,,落札,"      890,000",,,,,,,,  不成立,,,,,,,
東京エムジー時計,2024-02-28,,20,4,ー,時計,SW,ROLEX,,116334,,,,,,      不成立,      不成立,      不成立,,,,,,,,,,,,,,
東京エムジー時計,2024-02-28,,20,5,ー,時計,SS,ROLEX,,116000,,保14,,,,落札,"      690,000",,,,,,,,  不成立,,,,,,,
東京エムジー時計,2024-02-28,,20,6,ー,時計,SS,ROLEX,,14000,,T番   ,,,,落札,"      400,000",,,,,,,,,,,,,,
東京エムジー時計,2024-02-28,,20,7,ー,時計,SW,ROLEX,,77014,,K番 国ｻ保2 ｼﾘｱﾙ削れ  ,,,,      不成立,      不成立,      不成立,,,,,,,,,,,,,,
東京エムジー時計,2024-02-28,,20,8,ー,時計,SW,ROLEX,,279384,,保20,,,,落札,"      1,875,000",,,,,,,,  不成立,,,,,,,
東京エムジー時計,2024-02-28,,20,9,ー,時計,SS,ROLEX,,277200,,保23/7,,,,落札,"      930,000",,,,,,,,,,,,,,
東京エムジー時計,2024-02-28,,20,10,ー,時計,SW,ROLEX,,179174,,G番 保  ,,,,落札,"      935,000",,,,,,,,,,,,,,
東京エムジー時計,2024-02-28,,21,1,ー,時計,YG,ROLEX,,18238,,Ｘ番 　時刻合わせ時、早く巻きすぎ時、タイムラグ  ,,,,落札,"      1,940,000",,,,,,,,,,,,,,
東京エムジー時計,2024-02-28,,21,2,ー,時計,SS,ROLEX,,14060,,S番 ケース コマ2 プライスシリアルタグ  ,,,,落札,"      891,000",,,,,,,,,,,,,,
東京エムジー時計,2024-02-28,,22,9,ー,時計,YG,ROLEX,,68278,,Ｒ番 保  ,,,,落札,"      1,550,000",,,,,,,,,,,,,,
東京エムジー時計,2024-02-28,,23,7,ー,時計,SY,ROLEX,,69173,,W番 保　ピラミッド  ,,,,落札,"      441,000",,,,,,,,,,,,,,
東京エムジー時計,2024-02-28,,23,8,ー,時計,SY,ROLEX,,16233,,P番   ,,,,落札,"      691,000",,,,,,,,,,,,,,
東京エムジー時計,2024-02-28,,23,9,ー,時計,SS,ROLEX,,16220,,X番 保  ,,,,落札,"      597,000",,,,,,,,,,,,,,
東京エムジー時計,2024-02-28,,23,10,ー,時計,SW,ROLEX,,16234,,E番 　旧D  ,,,,落札,"      607,000",,,,,,,,,,,,,,
東京エムジー時計,2024-02-28,,26,1,ー,時計,PT,ROLEX,,1016,,R番 ケース 保 冊子等日本ロレックス正規品　  ,,,,落札,"      2,300,000",,,,,,,,,,,,,,
東京エムジー時計,2024-02-28,,26,2,ー,時計,PT,ROLEX,,1016,,5番 箱 日本語冊子当時のものバネ棒破損　  ,,,,      不成立,      不成立,      不成立,,,,,,,,,,,,,,
東京エムジー時計,2024-02-28,,26,5,ー,時計,,ROLEX,,5512,,,,,,      不成立,      不成立,      不成立,,,,,,,,  不成立,,,,,,,
東京エムジー時計,2024-02-28,,27,1,ー,時計,SS,ROLEX,,126660,,ランダム番 保 コマ  ,,,,落札,"      1,700,000",,,,,,,,  不成立,,,,,,,
東京エムジー時計,2024-02-28,,27,2,ー,時計,SS,ROLEX,,124060,,ランダム番 保 コマ  ,,,,落札,"      1,480,000",,,,,,,,,,,,,,
東京エムジー時計,2024-02-28,,27,3,ー,時計,SS,ROLEX,,16610,,M番 コマ  ,,,,落札,"      1,500,000",,,,,,,,,,,,,,
東京エムジー時計,2024-02-28,,28,1,ー,時計,SS,ROLEX,,16030,,,,,,落札,"      480,000",,,,,,,,,,,,,,
東京エムジー時計,2024-02-28,,28,2,ー,時計,SW,ROLEX,,69174,,,,,,      不成立,      不成立,      不成立,,,,,,,,,,,,,,
東京エムジー時計,2024-02-28,,28,3,ー,時計,SY,ROLEX,,16013,,,,,,落札,"      553,000",,,,,,,,  不成立,,,,,,,
東京エムジー時計,2024-02-28,,28,4,ー,時計,SY,ROLEX,,16233,,ケース 説 保 コマ１（ネジなし）,,,,落札,"      732,000",,,,,,,,,,,,,,
東京エムジー時計,2024-02-28,,29,10,ー,時計,SR,ROLEX,,1601,,25番   ,,,,落札,"      395,000",,,,,,,,,,,,,,
東京エムジー時計,2024-02-28,,31,1,ー,時計,SS,ROLEX,,16610,,U番 保  ,,,,      不成立,      不成立,      不成立,,,,,,,,,,,,,,
東京エムジー時計,2024-02-28,,31,2,ー,時計,SS,ROLEX,,16600,,X番   ,,,,落札,"      910,000",,,,,,,,  不成立,,,,,,,
東京エムジー時計,2024-02-28,,31,3,ー,時計,SS,ROLEX,,16710,,A番 保  ,,,,落札,"      1,530,000",,,,,,,,,,,,,,
東京エムジー時計,2024-02-28,,31,4,ー,時計,SS,ROLEX,,14270,,A番 保  ,,,,落札,"      674,000",,,,,,,,,,,,,,
東京エムジー時計,2024-02-28,,31,5,ー,時計,SW,ROLEX,,16234,,S番   ,,,,落札,"      630,000",,,,,,,,,,,,,,
東京エムジー時計,2024-02-28,,32,1,ー,時計,SS,ROLEX,,16220,,S番   ,,,,落札,"      531,000",,,,,,,,,,,,,,
東京エムジー時計,2024-02-28,,32,2,ー,時計,SS,ROLEX,,14000,,A番   ,,,,落札,"      239,000",,,,,,,,,,,,,,
東京エムジー時計,2024-02-28,,33,1,ー,時計,YG,ROLEX,,18238,,E番   ,,,,落札,"      1,600,000",,,,,,,,,,,,,,
東京エムジー時計,2024-02-28,,33,2,ー,時計,SY,ROLEX,,16713,,N番   ,,,,落札,"      1,100,000",,,,,,,,,,,,,,
東京エムジー時計,2024-02-28,,33,3,ー,時計,SS,ROLEX,,16610,,S番 保  ,,,,      不成立,      不成立,      不成立,,,,,,,,,,,,,,
東京エムジー時計,2024-02-28,,33,4,ー,時計,SY,ROLEX,,168623,,A番 保  ,,,,      不成立,      不成立,      不成立,,,,,,,,  不成立,,,,,,,
東京エムジー時計,2024-02-28,,33,5,ー,時計,SS,ROLEX,,16710,,Y番 保  ,,,,落札,"      1,460,000",,,,,,,,  不成立,,,,,,,
東京エムジー時計,2024-02-28,,33,6,ー,時計,SW,ROLEX,,16234,,T番 ﾘｭｰ ｽﾞ  ,,,,      不成立,      不成立,      不成立,,,,,,,,,,,,,,
東京エムジー時計,2024-02-28,,33,7,ー,時計,SS,ROLEX,,16220,,A番 国ｻ保 ｼﾙﾊﾞｰﾚﾀｰ  ,,,,落札,"      556,000",,,,,,,,  不成立,,,,,,,
東京エムジー時計,2024-02-28,,33,8,ー,時計,SY,ROLEX,,16233,,T番   ,,,,落札,"      510,000",,,,,,,,,,,,,,
東京エムジー時計,2024-02-28,,33,9,ー,時計,SY,ROLEX,,16233,,E番   ,,,,落札,"      525,000",,,,,,,,,,,,,,
東京エムジー時計,2024-02-28,,33,10,ー,時計,SY,ROLEX,,16233,,S番   ,,,,      不成立,      不成立,      不成立,,,,,,,,,,,,,,
東京エムジー時計,2024-02-28,,34,1,ー,時計,SY,ROLEX,,16713,,R番 保 ｽﾃｨｯｸﾀﾞｲﾔﾙ  ,,,,落札,"      1,240,000",,,,,,,,  不成立,,,,,,,
東京エムジー時計,2024-02-28,,34,2,ー,時計,SS,ROLEX,,16710,,A番 保 国ｻ保  ,,,,落札,"      1,470,000",,,,,,,,,,,,,,
東京エムジー時計,2024-02-28,,34,3,ー,時計,YG,ROLEX,,18038,,58番   ,,,,      不成立,      不成立,      不成立,,,,,,,,,,,,,,
東京エムジー時計,2024-02-28,,34,4,ー,時計,RG,ROLEX,,80315,,,,,,      不成立,      不成立,      不成立,,,,,,,,  不成立,,,,,,,
東京エムジー時計,2024-02-28,,34,5,ー,時計,SW,ROLEX,,16234,,R番 保 修明  ,,,,落札,"      761,000",,,,,,,,  不成立,,,,,,,
東京エムジー時計,2024-02-28,,35,1,ー,時計,SS,ROLEX,,14010,,T番  ｼﾘｱﾙ削れ  ,,,,落札,"      358,000",,,,,,,,,,,,,,
東京エムジー時計,2024-02-28,,35,2,ー,時計,SW,ROLEX,,16234,,W番   ,,,,落札,"      650,000",,,,,,,,,,,,,,
東京エムジー時計,2024-02-28,,35,3,ー,時計,SR,ROLEX,,1601,,21番   ,,,,落札,"      409,000",,,,,,,,,,,,,,
東京エムジー時計,2024-02-28,,35,4,ー,時計,SY,ROLEX,,16233,,W番   ,,,,落札,"      561,000",,,,,,,,,,,,,,
東京エムジー時計,2024-02-28,,35,5,ー,時計,SW,ROLEX,,16234,,S番 保  ,,,,落札,"      690,000",,,,,,,,,,,,,,
東京エムジー時計,2024-02-28,,35,6,ー,時計,SY,ROLEX,,16233,,U番   ,,,,落札,"      630,000",,,,,,,,,,,,,,
東京エムジー時計,2024-02-28,,35,7,ー,時計,SY,ROLEX,,16233,,S番   ,,,,      不成立,      不成立,      不成立,,,,,,,,,,,,,,
東京エムジー時計,2024-02-28,,35,8,ー,時計,SS,ROLEX,,16220,,X番   ,,,,      不成立,      不成立,      不成立,,,,,,,,  不成立,,,,,,,
東京エムジー時計,2024-02-28,,35,9,ー,時計,SY,ROLEX,,16233,,U番   ,,,,      不成立,      不成立,      不成立,,,,,,,,  不成立,,,,,,,
東京エムジー時計,2024-02-28,,35,10,ー,時計,SY,ROLEX,,16013,,,,,,落札,"      440,000",,,,,,,,  不成立,,,,,,,
東京エムジー時計,2024-02-28,,36,5,ー,時計,,ROLEX,,,,,,,,落札,"      102,000",,,,,,,,,,,,,,
東京エムジー時計,2024-02-28,,36,6,ー,時計,,ROLEX,,,,,,,,落札,"      84,000",,,,,,,,,,,,,,
東京エムジー時計,2024-02-28,,36,7,ー,時計,,ROLEX,,,,2番 プレシジョン　カメレオン　本体750　社外ブレスSＶ　  ,,,,落札,"      220,000",,,,,,,,,,,,,,
東京エムジー時計,2024-02-28,,37,3,ー,時計,,ROLEX,,,,,,,,落札,"      10,000",,,,,,,,,,,,,,
東京エムジー時計,2024-02-28,,37,4,ー,時計,,ROLEX,,,,,,,,落札,"      7,000",,,,,,,,,,,,,,
東京エムジー時計,2024-02-28,,37,5,ー,時計,,ROLEX,,,,,,,,落札,"      7,000",,,,,,,,,,,,,,
東京エムジー時計,2024-02-28,,37,6,ー,時計,,ROLEX,,,,,,,,落札,"      5,000",,,,,,,,,,,,,,
東京エムジー時計,2024-02-28,,37,7,ー,時計,,ROLEX,,,,,,,,落札,"      7,000",,,,,,,,,,,,,,
東京エムジー時計,2024-02-28,,37,8,ー,時計,,ROLEX,,,,,,,,落札,"      7,500",,,,,,,,,,,,,,
東京エムジー時計,2024-02-28,,37,9,ー,時計,,ROLEX,,,,,,,,落札,"      10,000",,,,,,,,,,,,,,
東京エムジー時計,2024-02-28,,37,10,ー,時計,,ROLEX,,,,,,,,落札,"      19,000",,,,,,,,,,,,,,
東京エムジー時計,2024-02-28,,38,6,ー,時計,WG,ROLEX,,5109,,W番 　18K尾錠  ,,,,落札,"      253,000",,,,,,,,,,,,,,
東京エムジー時計,2024-02-28,,39,1,ー,時計,SW,ROLEX,,179174,,D番   ,,,,落札,"      539,000",,,,,,,,,,,,,,
東京エムジー時計,2024-02-28,,39,2,ー,時計,SY,ROLEX,,69173,,X番   ,,,,      不成立,      不成立,      不成立,,,,,,,,,,,,,,
東京エムジー時計,2024-02-28,,39,3,ー,時計,その他,ROLEX,,6917,,28番 保  ,,,,落札,"      220,000",,,,,,,,  不成立,,,,,,,
東京エムジー時計,2024-02-28,,39,4,ー,時計,WG,ROLEX,,6919,,33番   ,,,,落札,"      198,000",,,,,,,,,,,,,,
東京エムジー時計,2024-02-28,,39,5,ー,時計,PT,ROLEX,,6916,,29番   ,,,,落札,"      198,000",,,,,,,,,,,,,,
東京エムジー時計,2024-02-28,,39,6,ー,時計,WG,ROLEX,,6519,,14番   ,,,,落札,"      123,000",,,,,,,,,,,,,,
東京エムジー時計,2024-02-28,,40,1,ー,時計,SW,ROLEX,,6694,,9番   ,,,,落札,"      206,000",,,,,,,,,,,,,,
東京エムジー時計,2024-02-28,,40,2,ー,時計,SW,ROLEX,,6694,,1番   ,,,,落札,"      169,000",,,,,,,,,,,,,,
東京エムジー時計,2024-02-28,,40,3,ー,時計,その他,ROLEX,,6427,,3番   ,,,,落札,"      153,000",,,,,,,,,,,,,,
東京エムジー時計,2024-02-28,,40,4,ー,時計,SY,ROLEX,,6623,,3番   ,,,,落札,"      140,000",,,,,,,,,,,,,,
東京エムジー時計,2024-02-28,,40,5,ー,時計,YG,ROLEX,,6618,,2番   ,,,,落札,"      140,000",,,,,,,,,,,,,,
東京エムジー時計,2024-02-28,,41,1,ー,時計,SS,ROLEX,,16610,,U番 保   ,,,,落札,"      990,000",,,,,,,,,,,,,,
東京エムジー時計,2024-02-28,,41,2,ー,時計,SS,ROLEX,,16570,,A番 保   ,,,,落札,"      790,000",,,,,,,,,,,,,,
東京エムジー時計,2024-02-28,,41,3,ー,時計,SS,ROLEX,,14270,,A番 保  ,,,,落札,"      674,000",,,,,,,,,,,,,,
東京エムジー時計,2024-02-28,,41,4,ー,時計,SS,ROLEX,,14000,,K番    ,,,,落札,"      464,000",,,,,,,,,,,,,,
東京エムジー時計,2024-02-28,,42,1,ー,時計,SS,ROLEX,,16800,,93番   ,,,,      不成立,      不成立,      不成立,,,,,,,,,,,,,,
東京エムジー時計,2024-02-28,,42,2,ー,時計,SS,ROLEX,,16600,,Z番 保  ,,,,落札,"      1,030,000",,,,,,,,  不成立,,,,,,,
東京エムジー時計,2024-02-28,,42,3,ー,時計,SS,ROLEX,,16570,,Z番   ,,,,落札,"      820,000",,,,,,,,,,,,,,
東京エムジー時計,2024-02-28,,42,4,ー,時計,SS,ROLEX,,16800,,93番  書き換え  ,,,,落札,"      810,000",,,,,,,,,,,,,,
東京エムジー時計,2024-02-28,,42,5,ー,時計,SS,ROLEX,,16570,,Y番   ,,,,      不成立,      不成立,      不成立,,,,,,,,,,,,,,
東京エムジー時計,2024-02-28,,42,6,ー,時計,SS,ROLEX,,14000,,K番   ,,,,落札,"      410,000",,,,,,,,  不成立,,,,,,,
東京エムジー時計,2024-02-28,,42,7,ー,時計,SS,ROLEX,,14000,,X番   ,,,,落札,"      342,000",,,,,,,,,,,,,,
東京エムジー時計,2024-02-28,,42,8,ー,時計,SY,ROLEX,,16233,,P番   ,,,,落札,"      430,000",,,,,,,,,,,,,,
東京エムジー時計,2024-02-28,,42,9,ー,時計,SY,ROLEX,,16233,,X番   ,,,,落札,"      620,000",,,,,,,,,,,,,,
東京エムジー時計,2024-02-28,,42,10,ー,時計,SY,ROLEX,,16233,,T番   ,,,,落札,"      615,000",,,,,,,,,,,,,,
東京エムジー時計,2024-02-28,,43,1,ー,時計,SY,ROLEX,,16233,,T番   ,,,,      不成立,      不成立,      不成立,,,,,,,,,,,,,,
東京エムジー時計,2024-02-28,,43,2,ー,時計,SS,ROLEX,,16220,,F番   ,,,,      不成立,      不成立,      不成立,,,,,,,,  不成立,,,,,,,
東京エムジー時計,2024-02-28,,43,3,ー,時計,SW,ROLEX,,16014,,89番   ,,,,落札,"      495,000",,,,,,,,  不成立,,,,,,,
東京エムジー時計,2024-02-28,,43,4,ー,時計,YG,ROLEX,,18238,,E番 保  ,,,,落札,"      2,180,000",,,,,,,,,,,,,,
東京エムジー時計,2024-02-28,,43,5,ー,時計,SS,ROLEX,,14000,,F番 保  ,,,,落札,"      440,000",,,,,,,,,,,,,,
東京エムジー時計,2024-02-28,,43,6,ー,時計,SS,ROLEX,,16220,,T番   ,,,,落札,"      485,000",,,,,,,,,,,,,,
東京エムジー時計,2024-02-28,,43,7,ー,時計,SY,ROLEX,,16233,,R番   ,,,,落札,"      640,000",,,,,,,,,,,,,,
東京エムジー時計,2024-02-28,,43,8,ー,時計,,ROLEX,,,,T番 保 ・ｼﾘｱﾙ削れ  ,,,,      不成立,      不成立,      不成立,,,,,,,,,,,,,,
東京エムジー時計,2024-02-28,,43,9,ー,時計,SY,ROLEX,,16233,,E番  ｼﾘｱﾙ削れ  ,,,,落札,"      585,000",,,,,,,,  不成立,,,,,,,
東京エムジー時計,2024-02-28,,43,10,ー,時計,SY,ROLEX,,16233,,X番  　  ,,,,落札,"      505,000",,,,,,,,,,,,,,
東京エムジー時計,2024-02-28,,47,9,ー,時計,その他,ROLEX,,6917,,3番 ケース台  ,,,,落札,"      192,000",,,,,,,,,,,,,,
東京エムジー時計,2024-02-28,,47,10,ー,時計,YG,ROLEX,,69258,,R番 台  ,,,,落札,"      961,000",,,,,,,,,,,,,,
東京エムジー時計,2024-02-28,,48,7,ー,時計,SW,ROLEX,,16234,,T番   ,,,,落札,"      487,000",,,,,,,,,,,,,,
東京エムジー時計,2024-02-28,,48,8,ー,時計,SY,ROLEX,,16233,,X番   ,,,,落札,"      573,000",,,,,,,,,,,,,,
東京エムジー時計,2024-02-28,,49,8,ー,時計,SW,ROLEX,,17014,,6番 　不動  ,,,,      不成立,      不成立,      不成立,,,,,,,,,,,,,,
東京エムジー時計,2024-02-28,,51,1,ー,時計,SY,ROLEX,,16233,,E番 保   ,,,,落札,"      770,000",,,,,,,,  不成立,,,,,,,
東京エムジー時計,2024-02-28,,51,2,ー,時計,SS,ROLEX,,16200,,Y番 保   ,,,,落札,"      661,000",,,,,,,,,,,,,,
東京エムジー時計,2024-02-28,,51,3,ー,時計,SS,ROLEX,,15210,,Y番 国ｻ保   ,,,,落札,"      410,000",,,,,,,,,,,,,,
東京エムジー時計,2024-02-28,,51,4,ー,時計,YG,ROLEX,,16018,,90番 保   ,,,,落札,"      950,000",,,,,,,,,,,,,,
東京エムジー時計,2024-02-28,,51,5,ー,時計,SS,ROLEX,,16600,,T番    ,,,,落札,"      880,000",,,,,,,,,,,,,,
東京エムジー時計,2024-02-28,,51,6,ー,時計,SS,ROLEX,,16550,,84番    ,,,,      不成立,      不成立,      不成立,,,,,,,,,,,,,,
東京エムジー時計,2024-02-28,,51,7,ー,時計,SS,ROLEX,,14270,,X番    ,,,,落札,"      526,000",,,,,,,,  不成立,,,,,,,
東京エムジー時計,2024-02-28,,51,8,ー,時計,WG,ROLEX,,18239,,X番    ,,,,      不成立,      不成立,      不成立,,,,,,,,,,,,,,
東京エムジー時計,2024-02-28,,51,9,ー,時計,SS,ROLEX,,16600,,A番 保   ,,,,落札,"      1,050,000",,,,,,,,  不成立,,,,,,,
東京エムジー時計,2024-02-28,,51,10,ー,時計,SS,ROLEX,,16600,,A番 保   ,,,,落札,"      1,050,000",,,,,,,,,,,,,,
東京エムジー時計,2024-02-28,,54,1,ー,時計,SY,ROLEX,,16253,,81番   ,,,,      不成立,      不成立,      不成立,,,,,,,,,,,,,,
東京エムジー時計,2024-02-28,,54,2,ー,時計,SY,ROLEX,,16013,,47番   ,,,,落札,"      459,000",,,,,,,,  不成立,,,,,,,
東京エムジー時計,2024-02-28,,54,3,ー,時計,SY,ROLEX,,16203,,A番   ,,,,落札,"      550,000",,,,,,,,,,,,,,
東京エムジー時計,2024-02-28,,54,4,ー,時計,SY,ROLEX,,16013,,98番   ,,,,落札,"      560,000",,,,,,,,,,,,,,
東京エムジー時計,2024-02-28,,54,5,ー,時計,SY,ROLEX,,16013,,R番   ,,,,落札,"      527,000",,,,,,,,,,,,,,
東京エムジー時計,2024-02-28,,54,6,ー,時計,SY,ROLEX,,16013,,94番  現状  ,,,,落札,"      503,000",,,,,,,,,,,,,,
東京エムジー時計,2024-02-28,,54,7,ー,時計,SY,ROLEX,,16233,,Y番   ,,,,落札,"      577,000",,,,,,,,,,,,,,
東京エムジー時計,2024-02-28,,54,8,ー,時計,SY,ROLEX,,16233,,S番   ,,,,落札,"      700,000",,,,,,,,,,,,,,
東京エムジー時計,2024-02-28,,54,9,ー,時計,SY,ROLEX,,16233,,T番   ,,,,落札,"      626,000",,,,,,,,,,,,,,
東京エムジー時計,2024-02-28,,54,10,ー,時計,SY,ROLEX,,16233,,W番   ,,,,落札,"      624,000",,,,,,,,,,,,,,
東京エムジー時計,2024-02-28,,55,1,ー,時計,SS,ROLEX,,16220,,X番    ,,,,落札,"      480,000",,,,,,,,,,,,,,
東京エムジー時計,2024-02-28,,57,2,ー,時計,SR,ROLEX,,1601,,3番 コマ×3  ,,,,落札,"      388,000",,,,,,,,,,,,,,
東京エムジー時計,2024-02-28,,57,10,ー,時計,SW,ROLEX,,126234,,ランダム番 保  ,,,,      不成立,      不成立,      不成立,,,,,,,,,,,,,,
東京エムジー時計,2024-02-28,,58,10,ー,時計,WG,ROLEX,,116589,,K番 メーカー修理 替えベルト  ,,,,      不成立,      不成立,      不成立,,,,,,,,  不成立,,,,,,,
東京エムジー時計,2024-02-28,,59,5,ー,時計,SY,ROLEX,,16013,,5番   ,,,,落札,"      468,000",,,,,,,,  不成立,,,,,,,
東京エムジー時計,2024-02-28,,62,1,ー,時計,SW,ROLEX,,16234,,T番   ,,,,落札,"      570,000",,,,,,,,,,,,,,
東京エムジー時計,2024-02-28,,62,2,ー,時計,SS,ROLEX,,16220,,E番   ,,,,落札,"      540,000",,,,,,,,,,,,,,
東京エムジー時計,2024-02-28,,64,1,ー,時計,SY,ROLEX,,16233,,X番 国ｻ保 修明  ,,,,落札,"      570,000",,,,,,,,,,,,,,
東京エムジー時計,2024-02-28,,64,2,ー,時計,SS,ROLEX,,16220,,K番   ,,,,落札,"      525,000",,,,,,,,,,,,,,
東京エムジー時計,2024-02-28,,64,3,ー,時計,SY,ROLEX,,16233,,U番   ,,,,      不成立,      不成立,      不成立,,,,,,,,,,,,,,
東京エムジー時計,2024-02-28,,64,4,ー,時計,SY,ROLEX,,16233,,Y番   ,,,,      不成立,      不成立,      不成立,,,,,,,,  不成立,,,,,,,
東京エムジー時計,2024-02-28,,64,5,ー,時計,SY,ROLEX,,16233,,P番   ,,,,落札,"      580,000",,,,,,,,  不成立,,,,,,,
東京エムジー時計,2024-02-28,,64,6,ー,時計,SW,ROLEX,,16234,,W番   ,,,,落札,"      570,000",,,,,,,,,,,,,,
東京エムジー時計,2024-02-28,,64,7,ー,時計,SS,ROLEX,,16220,,S番   ,,,,      不成立,      不成立,      不成立,,,,,,,,,,,,,,
東京エムジー時計,2024-02-28,,64,8,ー,時計,SY,ROLEX,,16203,,T番   ,,,,      不成立,      不成立,      不成立,,,,,,,,  不成立,,,,,,,
東京エムジー時計,2024-02-28,,64,9,ー,時計,SY,ROLEX,,16013,,93番   ,,,,落札,"      510,000",,,,,,,,  不成立,,,,,,,
東京エムジー時計,2024-02-28,,64,10,ー,時計,SY,ROLEX,,16233,,T番   ,,,,落札,"      614,000",,,,,,,,,,,,,,
東京エムジー時計,2024-02-28,,65,1,ー,時計,SY,ROLEX,,69173,,T番 保  ,,,,      不成立,      不成立,      不成立,,,,,,,,,,,,,,
東京エムジー時計,2024-02-28,,65,2,ー,時計,SY,ROLEX,,69173,,X番 保  ,,,,落札,"      425,000",,,,,,,,  不成立,,,,,,,
東京エムジー時計,2024-02-28,,65,3,ー,時計,SS,ROLEX,,77080,,A番   ,,,,      不成立,      不成立,      不成立,,,,,,,,,,,,,,
東京エムジー時計,2024-02-28,,65,4,ー,時計,SW,ROLEX,,69174,,T番   ,,,,      不成立,      不成立,      不成立,,,,,,,,  不成立,,,,,,,
東京エムジー時計,2024-02-28,,65,5,ー,時計,SY,ROLEX,,69173,,R番 保  ,,,,落札,"      465,000",,,,,,,,  不成立,,,,,,,
東京エムジー時計,2024-02-28,,65,6,ー,時計,SY,ROLEX,,69173,,W番   ,,,,落札,"      384,000",,,,,,,,,,,,,,
東京エムジー時計,2024-02-28,,65,7,ー,時計,SS,ROLEX,,77080,,Y番   ,,,,落札,"      330,000",,,,,,,,,,,,,,
東京エムジー時計,2024-02-28,,65,8,ー,時計,YG,ROLEX,,69288,,95番   ,,,,      不成立,      不成立,      不成立,,,,,,,,,,,,,,
東京エムジー時計,2024-02-28,,65,9,ー,時計,SY,ROLEX,,69173,,U番   ,,,,落札,"      380,000",,,,,,,,  不成立,,,,,,,
東京エムジー時計,2024-02-28,,65,10,ー,時計,SW,ROLEX,,16014,,64番   ,,,,      不成立,      不成立,      不成立,,,,,,,,,,,,,,
東京エムジー時計,2024-02-28,,70,6,ー,時計,,ROLEX,,,,,,,,落札,"      35,000",,,,,,,,  不成立,,,,,,,
東京エムジー時計,2024-02-28,,77,1,ー,時計,SW,ROLEX,,77014,,K番 コマ2 ケース  ,,,,落札,"      375,000",,,,,,,,,,,,,,
東京エムジー時計,2024-02-28,,77,2,ー,時計,SY,ROLEX,,69173,,T番 箱　※11時ガラスキズ  ,,,,落札,"      403,000",,,,,,,,,,,,,,
東京エムジー時計,2024-02-28,,77,3,ー,時計,SY,ROLEX,,69173,,88番 箱  ,,,,落札,"      393,000",,,,,,,,,,,,,,
東京エムジー時計,2024-02-28,,77,4,ー,時計,WG,ROLEX,,6519,,20番 　※現状  ,,,,      不成立,      不成立,      不成立,,,,,,,,,,,,,,
東京エムジー時計,2024-02-28,,77,6,ー,時計,SY,ROLEX,,16013,,97番 保 コマ2 タグ3 説 箱 パスポートケース  ,,,,落札,"      598,000",,,,,,,,  不成立,,,,,,,
東京エムジー時計,2024-02-28,,77,7,ー,時計,SS,ROLEX,,16610,,A番 保 箱 コマ1 説 クロノ プライスタグ イカリ　※巻上引っ掛かり  ,,,,落札,"      1,030,000",,,,,,,,,,,,,,
東京エムジー時計,2024-02-28,,77,10,ー,時計,その他,ROLEX,,6917,,28番 ケース（枕なし）　※カレ切替3分頃  ,,,,落札,"      203,000",,,,,,,,,,,,,,
東京エムジー時計,2024-02-28,,78,1,ー,時計,,ROLEX,,,,,,,,落札,"      340,000",,,,,,,,,,,,,,
東京エムジー時計,2024-02-28,,78,2,ー,時計,PT,ROLEX,,6916,,31番 　※カレ切替5分頃  ,,,,落札,"      181,000",,,,,,,,,,,,,,
東京エムジー時計,2024-02-28,,79,3,ー,時計,SY,ROLEX,,16233,,Ｔ番 　※カレ切替2分頃  ,,,,落札,"      666,000",,,,,,,,,,,,,,
東京エムジー時計,2024-02-28,,81,8,ー,時計,WG,ROLEX,,18239,,,,,,落札,"      987,000",,,,,,,,,,,,,,
東京エムジー時計,2024-02-28,,84,1,ー,時計,SS,ROLEX,,126000,,保,,,,落札,"      816,000",,,,,,,,,,,,,,
東京エムジー時計,2024-02-28,,84,2,ー,時計,SW,ROLEX,,126234,,保,,,,落札,"      1,210,000",,,,,,,,,,,,,,
東京エムジー時計,2024-02-28,,84,3,ー,時計,SS,ROLEX,,126300,,保,,,,落札,"      1,210,000",,,,,,,,,,,,,,
東京エムジー時計,2024-02-28,,84,4,ー,時計,SW,ROLEX,,126324,,,,,,落札,"      1,410,000",,,,,,,,,,,,,,
東京エムジー時計,2024-02-28,,84,5,ー,時計,SW,ROLEX,,126234,,コマ×3,,,,落札,"      14,000",,,,,,,,,,,,,,
東京エムジー時計,2024-02-28,,84,6,ー,時計,SS,ROLEX,,3800,,,,,,落札,"      127,000",,,,,,,,,,,,,,
東京エムジー時計,2024-02-28,,88,1,ー,時計,,ROLEX,,,,,,,,落札,"      209,000",,,,,,,,,,,,,,
東京エムジー時計,2024-02-28,,88,5,ー,時計,その他,ROLEX,,6517,,,,,,落札,"      105,000",,,,,,,,,,,,,,
東京エムジー時計,2024-02-28,,122,1,ー,時計,SS,ROLEX,,168000,,R番  ﾄﾘﾌﾟﾙｾﾞﾛ  ,,,,落札,"      810,000",,,,,,,,,,,,,,
東京エムジー時計,2024-02-28,,122,2,ー,時計,SY,ROLEX,,14203,,U番   ,,,,      不成立,      不成立,      不成立,,,,,,,,,,,,,,
東京エムジー時計,2024-02-28,,122,3,ー,時計,SR,ROLEX,,1601,,41番   ,,,,落札,"      410,000",,,,,,,,  不成立,,,,,,,
東京エムジー時計,2024-02-28,,122,4,ー,時計,SY,ROLEX,,1803,,13番  　  ,,,,落札,"      1,210,000",,,,,,,,,,,,,,
東京エムジー時計,2024-02-28,,122,5,ー,時計,SW,ROLEX,,6694,,51番   ,,,,落札,"      204,000",,,,,,,,,,,,,,
東京エムジー時計,2024-02-28,,122,6,ー,時計,SW,ROLEX,,6694,,17番   ,,,,落札,"      190,000",,,,,,,,,,,,,,
東京エムジー時計,2024-02-28,,122,7,ー,時計,SY,ROLEX,,1603,,21番   ,,,,落札,"      418,000",,,,,,,,,,,,,,
東京エムジー時計,2024-02-28,,122,8,ー,時計,その他,ROLEX,,6517,,20番   ,,,,落札,"      233,000",,,,,,,,,,,,,,
東京エムジー時計,2024-02-28,,122,9,ー,時計,PT,ROLEX,,6426,,26番 リューズ 　リューズ取れ  ,,,,落札,"      143,000",,,,,,,,,,,,,,
東京エムジー時計,2024-02-28,,122,10,ー,時計,SY,ROLEX,,1603,,14番   ,,,,落札,"      405,000",,,,,,,,,,,,,,
東京エムジー時計,2024-02-28,,123,3,ー,時計,SS,ROLEX,,5700,,27番   ,,,,落札,"      314,000",,,,,,,,,,,,,,
東京エムジー時計,2024-02-28,,123,4,ー,時計,,ROLEX,,,,,,,,      不成立,      不成立,      不成立,,,,,,,,,,,,,,
東京エムジー時計,2024-02-28,,123,5,ー,時計,SW,ROLEX,,6694,,13番   ,,,,落札,"      183,000",,,,,,,,  不成立,,,,,,,
東京エムジー時計,2024-02-28,,123,6,ー,時計,SS,ROLEX,,76080,,A番 保 ｼﾘｱﾙ削れ  ,,,,落札,"      220,000",,,,,,,,,,,,,,
東京エムジー時計,2024-02-28,,124,1,ー,時計,SS,ROLEX,,1600,,29番   ,,,,落札,"      400,000",,,,,,,,,,,,,,
東京エムジー時計,2024-02-28,,124,2,ー,時計,SY,ROLEX,,16013,,98番 リューズ 　リューズ取れ　  ,,,,落札,"      385,000",,,,,,,,,,,,,,
東京エムジー時計,2024-02-28,,124,3,ー,時計,SW,ROLEX,,16234,,E番  　現状  ,,,,落札,"      460,000",,,,,,,,,,,,,,
東京エムジー時計,2024-02-28,,124,4,ー,時計,SS,ROLEX,,62510,,,,,,落札,"      31,000",,,,,,,,,,,,,,
東京エムジー時計,2024-02-28,,124,6,ー,時計,SR,ROLEX,,2611,,19番   ,,,,落札,"      50,000",,,,,,,,,,,,,,
東京エムジー時計,2024-02-28,,126,8,ー,時計,SY,ROLEX,,69173,,S番   ,,,,落札,"      357,000",,,,,,,,,,,,,,
東京エムジー時計,2024-02-28,,136,1,ー,時計,SS,ROLEX,,176200,,G番 保  ,,,,落札,"      441,000",,,,,,,,,,,,,,
東京エムジー時計,2024-02-28,,136,2,ー,時計,YG,ROLEX,,67188,,W番   ,,,,      不成立,      不成立,      不成立,,,,,,,,,,,,,,
東京エムジー時計,2024-02-28,,136,3,ー,時計,YG,ROLEX,,67488,,S番   ,,,,      不成立,      不成立,      不成立,,,,,,,,  不成立,,,,,,,
東京エムジー時計,2024-02-28,,136,4,ー,時計,SW,ROLEX,,79174,,P番   ,,,,落札,"      360,000",,,,,,,,  不成立,,,,,,,
東京エムジー時計,2024-02-28,,136,5,ー,時計,SW,ROLEX,,79174,,K番   ,,,,落札,"      420,000",,,,,,,,,,,,,,
東京エムジー時計,2024-02-28,,136,6,ー,時計,SY,ROLEX,,79173,,P番 保  ,,,,落札,"      566,000",,,,,,,,,,,,,,
東京エムジー時計,2024-02-28,,136,7,ー,時計,SW,ROLEX,,79174,,Y番   ,,,,      不成立,      不成立,      不成立,,,,,,,,,,,,,,
東京エムジー時計,2024-02-28,,136,8,ー,時計,SW,ROLEX,,79174,,A番   ,,,,      不成立,      不成立,      不成立,,,,,,,,  不成立,,,,,,,
東京エムジー時計,2024-02-28,,136,9,ー,時計,SY,ROLEX,,69173,,S番   ,,,,落札,"      390,000",,,,,,,,  不成立,,,,,,,
東京エムジー時計,2024-02-28,,136,10,ー,時計,YG,ROLEX,,69178,,X番 保  ,,,,落札,"      990,000",,,,,,,,,,,,,,
東京エムジー時計,2024-02-28,,137,1,ー,時計,SY,ROLEX,,69173,,S番 保  ,,,,落札,"      433,000",,,,,,,,,,,,,,
東京エムジー時計,2024-02-28,,137,2,ー,時計,SY,ROLEX,,69173,,E番   ,,,,落札,"      410,000",,,,,,,,,,,,,,
東京エムジー時計,2024-02-28,,137,3,ー,時計,SY,ROLEX,,69173,,S番   ,,,,落札,"      445,000",,,,,,,,,,,,,,
東京エムジー時計,2024-02-28,,137,4,ー,時計,SW,ROLEX,,79174,,Y番   ,,,,落札,"      443,000",,,,,,,,,,,,,,
東京エムジー時計,2024-02-28,,137,5,ー,時計,SY,ROLEX,,69173,,X番   ,,,,落札,"      401,000",,,,,,,,,,,,,,
東京エムジー時計,2024-02-28,,137,6,ー,時計,YG,ROLEX,,69178,,X番   ,,,,      不成立,      不成立,      不成立,,,,,,,,,,,,,,
東京エムジー時計,2024-02-28,,137,7,ー,時計,SS,ROLEX,,76080,,A番   ,,,,落札,"      218,000",,,,,,,,  不成立,,,,,,,
東京エムジー時計,2024-02-28,,137,9,ー,時計,SY,ROLEX,,79173,,F番   ,,,,落札,"      420,000",,,,,,,,,,,,,,
東京エムジー時計,2024-02-28,,137,10,ー,時計,SW,ROLEX,,79174,,F番   ,,,,落札,"      390,000",,,,,,,,,,,,,,
東京エムジー時計,2024-02-28,,138,4,ー,時計,SW,ROLEX,,79174,,K番 ★　   ,,,,      不成立,      不成立,      不成立,,,,,,,,,,,,,,
東京エムジー時計,2024-02-28,,146,1,ー,時計,SW,ROLEX,,179174,,D番   ,,,,落札,"      850,000",,,,,,,,  不成立,,,,,,,
東京エムジー時計,2024-02-28,,146,2,ー,時計,SR,ROLEX,,179171,,,,,,落札,"      970,000",,,,,,,,,,,,,,
東京エムジー時計,2024-02-28,,146,3,ー,時計,YG,ROLEX,,69278,,E番   ,,,,      不成立,      不成立,      不成立,,,,,,,,,,,,,,
東京エムジー時計,2024-02-28,,146,4,ー,時計,SS,ROLEX,,76080,,A番   ,,,,落札,"      240,000",,,,,,,,  不成立,,,,,,,
東京エムジー時計,2024-02-28,,146,5,ー,時計,SW,ROLEX,,179174,,,,,,      不成立,      不成立,      不成立,,,,,,,,,,,,,,
東京エムジー時計,2024-02-28,,146,6,ー,時計,SY,ROLEX,,69173,,W番 保  ,,,,落札,"      437,000",,,,,,,,  不成立,,,,,,,
東京エムジー時計,2024-02-28,,146,7,ー,時計,SW,ROLEX,,79174,,F番   ,,,,      不成立,      不成立,      不成立,,,,,,,,,,,,,,
東京エムジー時計,2024-02-28,,146,8,ー,時計,SY,ROLEX,,79173,,A番 保  ,,,,落札,"      430,000",,,,,,,,  不成立,,,,,,,
東京エムジー時計,2024-02-28,,146,9,ー,時計,SW,ROLEX,,179174,,D番   ,,,,落札,"      565,000",,,,,,,,,,,,,,
東京エムジー時計,2024-02-28,,146,10,ー,時計,SY,ROLEX,,69173,,W番   ,,,,落札,"      430,000",,,,,,,,,,,,,,
東京エムジー時計,2024-02-28,,147,1,ー,時計,SW,ROLEX,,79174,,A番   ,,,,      不成立,      不成立,      不成立,,,,,,,,,,,,,,
東京エムジー時計,2024-02-28,,147,2,ー,時計,SY,ROLEX,,69173,,X番   ,,,,      不成立,      不成立,      不成立,,,,,,,,  不成立,,,,,,,
東京エムジー時計,2024-02-28,,147,3,ー,時計,SW,ROLEX,,79174,,F番   ,,,,落札,"      390,000",,,,,,,,  不成立,,,,,,,
東京エムジー時計,2024-02-28,,147,4,ー,時計,SY,ROLEX,,69173,,W番   ,,,,落札,"      410,000",,,,,,,,,,,,,,
東京エムジー時計,2024-02-28,,147,5,ー,時計,SY,ROLEX,,69173,,92番   ,,,,落札,"      372,000",,,,,,,,,,,,,,
東京エムジー時計,2024-02-28,,147,6,ー,時計,,ROLEX,,6702,,23番   ,,,,落札,"      395,000",,,,,,,,,,,,,,
東京エムジー時計,2024-02-28,,147,7,ー,時計,YG,ROLEX,,69278,,94番   ,,,,落札,"      930,000",,,,,,,,,,,,,,
東京エムジー時計,2024-02-28,,147,8,ー,時計,SY,ROLEX,,69173,,R番   ,,,,落札,"      380,000",,,,,,,,,,,,,,
東京エムジー時計,2024-02-28,,147,9,ー,時計,SW,ROLEX,,79174,,A番   ,,,,落札,"      360,000",,,,,,,,,,,,,,
東京エムジー時計,2024-02-28,,147,10,ー,時計,SW,ROLEX,,67194,,83番   ,,,,      不成立,      不成立,      不成立,,,,,,,,,,,,,,
東京エムジー時計,2024-02-28,,151,1,ー,時計,SS,ROLEX,,16710,,9番 台  ,,,,落札,"      1,220,000",,,,,,,,  不成立,,,,,,,
東京エムジー時計,2024-02-28,,151,2,ー,時計,YG,ROLEX,,18038,,R番   ,,,,落札,"      1,500,000",,,,,,,,,,,,,,
東京エムジー時計,2024-02-28,,151,3,ー,時計,YG,ROLEX,,18038,,8番 台  ,,,,落札,"      1,460,000",,,,,,,,,,,,,,
東京エムジー時計,2024-02-28,,151,4,ー,時計,SS,ROLEX,,116000,,M番 保 修明  ,,,,落札,"      705,000",,,,,,,,,,,,,,
東京エムジー時計,2024-02-28,,151,5,ー,時計,SS,ROLEX,,16200,,T番   ,,,,落札,"      650,000",,,,,,,,,,,,,,
東京エムジー時計,2024-02-28,,151,6,ー,時計,SY,ROLEX,,16233,,T番   ,,,,落札,"      825,000",,,,,,,,,,,,,,
東京エムジー時計,2024-02-28,,151,7,ー,時計,SY,ROLEX,,16233,,X番 保 タグ　現状  ,,,,落札,"      600,000",,,,,,,,,,,,,,
東京エムジー時計,2024-02-28,,151,8,ー,時計,SY,ROLEX,,16233,,T番 　FF取れ  ,,,,落札,"      597,000",,,,,,,,,,,,,,
東京エムジー時計,2024-02-28,,151,9,ー,時計,SY,ROLEX,,16013,,8番 国サ保台  ,,,,落札,"      592,000",,,,,,,,,,,,,,
東京エムジー時計,2024-02-28,,151,10,ー,時計,SS,ROLEX,,14270,,T番 保  ,,,,落札,"      595,000",,,,,,,,,,,,,,
東京エムジー時計,2024-02-28,,152,1,ー,時計,SW,ROLEX,,179174,,D番 国サ保  ,,,,落札,"      705,000",,,,,,,,,,,,,,
東京エムジー時計,2024-02-28,,152,2,ー,時計,SY,ROLEX,,69173,,S番 保  ,,,,落札,"      450,000",,,,,,,,,,,,,,
東京エムジー時計,2024-02-28,,152,3,ー,時計,SY,ROLEX,,69173,,X番   ,,,,落札,"      386,000",,,,,,,,,,,,,,
東京エムジー時計,2024-02-28,,158,1,ー,時計,,ROLEX,,,,37番 ﾁｪﾘｰﾆ   ,,,,落札,"      340,000",,,,,,,,,,,,,,
東京エムジー時計,2024-02-28,,158,2,ー,時計,SR,ROLEX,,4081,,43番   ,,,,落札,"      218,000",,,,,,,,,,,,,,
東京エムジー時計,2024-02-28,,158,6,ー,時計,,ROLEX,,,,29番 ﾁｪﾘｰﾆ   ,,,,落札,"      425,000",,,,,,,,,,,,,,
東京エムジー時計,2024-02-28,,158,7,ー,時計,YG,ROLEX,,6718,,58番  ロングミニッツ  ,,,,      不成立,      不成立,      不成立,,,,,,,,,,,,,,
東京エムジー時計,2024-02-28,,158,9,ー,時計,YG,ROLEX,,3808,,31番 　総21.7g  ,,,,落札,"      300,000",,,,,,,,  不成立,,,,,,,
東京エムジー時計,2024-02-28,,163,1,ー,時計,RG,ROLEX,,9315,,,,,,落札,"      153,000",,,,,,,,,,,,,,
東京エムジー時計,2024-02-28,,169,1,ー,時計,,ROLEX,,,,,,,,落札,"      13,000",,,,,,,,,,,,,,
東京エムジー時計,2024-02-28,,169,2,ー,時計,,ROLEX,,,,,,,,落札,"      2,000",,,,,,,,,,,,,,
東京エムジー時計,2024-02-28,,169,3,ー,時計,,ROLEX,,,,,,,,落札,"      8,000",,,,,,,,,,,,,,
東京エムジー時計,2024-02-28,,169,4,ー,時計,,ROLEX,,,,,,,,落札,"      5,000",,,,,,,,,,,,,,
東京エムジー時計,2024-02-28,,171,1,ー,時計,SS,ROLEX,,126660,,保(2020),,,,      不成立,      不成立,      不成立,,,,,,,,,,,,,,
東京エムジー時計,2024-02-28,,171,2,ー,時計,SS,ROLEX,,126610,,,,,,落札,"      1,620,000",,,,,,,,  不成立,,,,,,,
東京エムジー時計,2024-02-28,,171,3,ー,時計,SS,ROLEX,,116900,,保(2020),,,,      不成立,      不成立,      不成立,,,,,,,,,,,,,,
東京エムジー時計,2024-02-28,,171,4,ー,時計,SS,ROLEX,,16520,,T番   ,,,,落札,"      2,520,000",,,,,,,,  不成立,,,,,,,
東京エムジー時計,2024-02-28,,171,5,ー,時計,SR,ROLEX,,126331,,保(2016),,,,      不成立,      不成立,      不成立,,,,,,,,,,,,,,
東京エムジー時計,2024-02-28,,171,6,ー,時計,SR,ROLEX,,179171,,V番 保(2010)  ,,,,      不成立,      不成立,      不成立,,,,,,,,  不成立,,,,,,,
東京エムジー時計,2024-02-28,,171,7,ー,時計,SS,ROLEX,,116900,,保(2021),,,,      不成立,      不成立,      不成立,,,,,,,,  不成立,,,,,,,
東京エムジー時計,2024-02-28,,171,8,ー,時計,SS,ROLEX,,216570,,保(2021),,,,      不成立,      不成立,      不成立,,,,,,,,  不成立,,,,,,,
東京エムジー時計,2024-02-28,,171,9,ー,時計,SY,ROLEX,,116523,,G番 保(2012)  ,,,,落札,"      2,350,000",,,,,,,,  不成立,,,,,,,
東京エムジー時計,2024-02-28,,171,10,ー,時計,SY,ROLEX,,126333,,保(2023),,,,      不成立,      不成立,      不成立,,,,,,,,,,,,,,
東京エムジー時計,2024-02-28,,172,1,ー,時計,SW,ROLEX,,126334,,保(2022),,,,落札,"      1,510,000",,,,,,,,  不成立,,,,,,,
東京エムジー時計,2024-02-28,,172,2,ー,時計,SW,ROLEX,,126334,,保(2017),,,,      不成立,      不成立,      不成立,,,,,,,,,,,,,,
東京エムジー時計,2024-02-28,,172,3,ー,時計,SW,ROLEX,,126334,,,,,,      不成立,      不成立,      不成立,,,,,,,,  不成立,,,,,,,
東京エムジー時計,2024-02-28,,172,4,ー,時計,SW,ROLEX,,126334,,保(2023),,,,      不成立,      不成立,      不成立,,,,,,,,  不成立,,,,,,,
東京エムジー時計,2024-02-28,,172,5,ー,時計,SW,ROLEX,,116334,,OH証,,,,      不成立,      不成立,      不成立,,,,,,,,  不成立,,,,,,,
東京エムジー時計,2024-02-28,,172,6,ー,時計,SS,ROLEX,,126200,,保(2022),,,,      不成立,      不成立,      不成立,,,,,,,,  不成立,,,,,,,
東京エムジー時計,2024-02-28,,172,7,ー,時計,SY,ROLEX,,126233,,保(2021),,,,落札,"      1,630,000",,,,,,,,  不成立,,,,,,,
東京エムジー時計,2024-02-28,,172,8,ー,時計,SY,ROLEX,,126233,,保(2020),,,,落札,"      1,650,000",,,,,,,,,,,,,,
東京エムジー時計,2024-02-28,,172,9,ー,時計,SY,ROLEX,,126233,,保(2019),,,,      不成立,      不成立,      不成立,,,,,,,,,,,,,,
東京エムジー時計,2024-02-28,,172,10,ー,時計,SR,ROLEX,,126331,,保(2023),,,,落札,"      1,900,000",,,,,,,,  不成立,,,,,,,
東京エムジー時計,2024-02-28,,173,1,ー,時計,SY,ROLEX,,16233,,P番 コマ　リューズ重い  ,,,,落札,"      575,000",,,,,,,,,,,,,,
東京エムジー時計,2024-02-28,,173,2,ー,時計,SW,ROLEX,,16014,,58番   ,,,,落札,"      463,000",,,,,,,,,,,,,,
東京エムジー時計,2024-02-28,,174,1,ー,時計,SW,ROLEX,,6294,,8番   ,,,,落札,"      149,000",,,,,,,,,,,,,,
東京エムジー時計,2024-02-28,,174,2,ー,時計,SS,ROLEX,,116610,,コマ2,,,,落札,"      1,420,000",,,,,,,,,,,,,,
東京エムジー時計,2024-02-28,,174,3,ー,時計,,ROLEX,,,,,,,,落札,"      639,000",,,,,,,,,,,,,,
東京エムジー時計,2024-02-28,,174,4,ー,時計,,ROLEX,,,,,,,,落札,"      286,000",,,,,,,,,,,,,,
東京エムジー時計,2024-02-28,,174,6,ー,時計,,ROLEX,,,,,,,,落札,"      345,000",,,,,,,,,,,,,,
東京エムジー時計,2024-02-28,,174,8,ー,時計,,ROLEX,,,,,,,,落札,"      662,000",,,,,,,,,,,,,,
東京エムジー時計,2024-02-28,,174,9,ー,時計,,ROLEX,,,,,,,,落札,"      328,000",,,,,,,,,,,,,,
東京エムジー時計,2024-02-28,,174,10,ー,時計,,ROLEX,,,,,,,,落札,"      100,000",,,,,,,,,,,,,,
東京エムジー時計,2024-02-28,,176,3,ー,時計,,ROLEX,,,,,,,,落札,"      116,000",,,,,,,,,,,,,,
東京エムジー時計,2024-02-28,,177,1,ー,時計,,ROLEX,,,,,,,,落札,"      28,000",,,,,,,,,,,,,,
東京エムジー時計,2024-02-28,,178,3,ー,時計,SS,ROLEX,,16570,,S番   ,,,,落札,"      733,000",,,,,,,,,,,,,,
東京エムジー時計,2024-02-28,,178,4,ー,時計,SS,ROLEX,,6110,,,,,,落札,"      261,000",,,,,,,,,,,,,,
東京エムジー時計,2024-02-28,,178,9,ー,時計,WG,ROLEX,,4129,,,,,,落札,"      253,000",,,,,,,,,,,,,,
東京エムジー時計,2024-02-28,,178,10,ー,時計,SY,ROLEX,,69173,,W番   ,,,,      不成立,      不成立,      不成立,,,,,,,,,,,,,,
東京エムジー時計,2024-02-28,,179,1,ー,時計,SY,ROLEX,,16523,,A番 ベゼルガード 赤タグ ハンカチ 保 パスケース 小冊子(３冊) カレンダーカード ケース  ,,,,落札,"      2,200,000",,,,,,,,  不成立,,,,,,,
東京エムジー時計,2024-02-28,,179,2,ー,時計,YG,ROLEX,,116528,,赤タグ 黒文字盤 小冊子(２冊) 正規保証カード パスケース 正規OH保証書 明細 ケース,,,,落札,"      4,890,000",,,,,,,,,,,,,,
東京エムジー時計,2024-02-28,,179,3,ー,時計,,ROLEX,,,,,,,,落札,"      40,000",,,,,,,,,,,,,,
東京エムジー時計,2024-02-28,,179,4,ー,時計,,ROLEX,,,,,,,,落札,"      36,000",,,,,,,,,,,,,,
東京エムジー時計,2024-02-28,,179,5,ー,時計,,ROLEX,,,,,,,,落札,"      24,000",,,,,,,,,,,,,,
東京エムジー時計,2024-02-28,,180,1,ー,時計,SY,ROLEX,,79173,,ケース 保 カードケース タグ コマ,,,,      不成立,      不成立,      不成立,,,,,,,,,,,,,,
東京エムジー時計,2024-02-28,,180,4,ー,時計,SW,ROLEX,,79174,,,,,,      不成立,      不成立,      不成立,,,,,,,,  不成立,,,,,,,
東京エムジー時計,2024-02-28,,180,5,ー,時計,YG,ROLEX,,79178,,,,,,      不成立,      不成立,      不成立,,,,,,,,  不成立,,,,,,,
東京エムジー時計,2024-02-28,,181,1,ー,時計,SS,ROLEX,,126610,,ランダム番 保  ,,,,落札,"      2,050,000",,,,,,,,  不成立,,,,,,,
東京エムジー時計,2024-02-28,,181,2,ー,時計,SS,ROLEX,,126660,,ランダム番 保  ,,,,落札,"      1,300,000",,,,,,,,,,,,,,
東京エムジー時計,2024-02-28,,181,3,ー,時計,SS,ROLEX,,16750,,7番   ,,,,落札,"      1,710,000",,,,,,,,,,,,,,
東京エムジー時計,2024-02-28,,181,4,ー,時計,SS,ROLEX,,16700,,U番 保  ,,,,落札,"      1,400,000",,,,,,,,,,,,,,
東京エムジー時計,2024-02-28,,181,5,ー,時計,SS,ROLEX,,14060,,A番 保 修明  ,,,,落札,"      1,060,000",,,,,,,,,,,,,,
東京エムジー時計,2024-02-28,,181,6,ー,時計,SY,ROLEX,,16233,,R番   ,,,,落札,"      570,000",,,,,,,,,,,,,,
東京エムジー時計,2024-02-28,,181,7,ー,時計,SS,ROLEX,,16030,,8番   ,,,,落札,"      355,000",,,,,,,,,,,,,,
東京エムジー時計,2024-02-28,,181,8,ー,時計,SS,ROLEX,,1600,,4番 保  ,,,,落札,"      456,000",,,,,,,,,,,,,,
東京エムジー時計,2024-02-28,,181,9,ー,時計,SW,ROLEX,,6694,,7番   ,,,,落札,"      244,000",,,,,,,,,,,,,,
東京エムジー時計,2024-02-28,,181,10,ー,時計,SR,ROLEX,,1501,,2番   ,,,,落札,"      235,000",,,,,,,,,,,,,,
東京エムジー時計,2024-02-28,,182,1,ー,時計,SS,ROLEX,,116660,,ランダム番 保 ｺﾏ   ,,,,落札,"      1,580,000",,,,,,,,,,,,,,
東京エムジー時計,2024-02-28,,182,2,ー,時計,SS,ROLEX,,124060,,ランダム番 保   ,,,,落札,"      1,560,000",,,,,,,,,,,,,,
東京エムジー時計,2024-02-28,,182,3,ー,時計,SW,ROLEX,,126234,,ランダム番 保   ,,,,落札,"      1,270,000",,,,,,,,,,,,,,
東京エムジー時計,2024-02-28,,182,4,ー,時計,SS,ROLEX,,16570,,Y番 保 ｺﾏ2   ,,,,落札,"      810,000",,,,,,,,,,,,,,
東京エムジー時計,2024-02-28,,182,5,ー,時計,SS,ROLEX,,114270,,P番 ｺﾏ   ,,,,落札,"      572,000",,,,,,,,,,,,,,
東京エムジー時計,2024-02-28,,182,6,ー,時計,SY,ROLEX,,16233,,L番    ,,,,落札,"      625,000",,,,,,,,,,,,,,
東京エムジー時計,2024-02-28,,182,7,ー,時計,SS,ROLEX,,16220,,P番    ,,,,落札,"      518,000",,,,,,,,,,,,,,
東京エムジー時計,2024-02-28,,182,8,ー,時計,WG,ROLEX,,79179,,Y番    ,,,,落札,"      455,000",,,,,,,,,,,,,,
東京エムジー時計,2024-02-28,,182,9,ー,時計,SS,ROLEX,,67180,,A番    ,,,,落札,"      218,000",,,,,,,,,,,,,,
東京エムジー時計,2024-02-28,,182,10,ー,時計,SR,ROLEX,,1501,,9番    ,,,,落札,"      230,000",,,,,,,,,,,,,,
東京エムジー時計,2024-02-28,,183,1,ー,時計,SS,ROLEX,,116610,,ランダム番 保 ｺﾏ2  ,,,,落札,"      1,500,000",,,,,,,,,,,,,,
東京エムジー時計,2024-02-28,,183,2,ー,時計,SY,ROLEX,,116233,,ランダム番 保 ｺﾏ3  ,,,,落札,"      1,485,000",,,,,,,,,,,,,,
東京エムジー時計,2024-02-28,,183,4,ー,時計,SS,ROLEX,,114270,,M番 保 ｺﾏ  ,,,,落札,"      690,000",,,,,,,,,,,,,,
東京エムジー時計,2024-02-28,,183,5,ー,時計,SY,ROLEX,,16233,,R番   ,,,,落札,"      641,000",,,,,,,,,,,,,,
東京エムジー時計,2024-02-28,,183,6,ー,時計,SY,ROLEX,,16233,,L番   ,,,,落札,"      550,000",,,,,,,,,,,,,,
東京エムジー時計,2024-02-28,,183,7,ー,時計,SW,ROLEX,,179174,,D番   ,,,,落札,"      665,000",,,,,,,,,,,,,,
東京エムジー時計,2024-02-28,,183,8,ー,時計,SS,ROLEX,,16220,,W番 保  ,,,,落札,"      590,000",,,,,,,,,,,,,,
東京エムジー時計,2024-02-28,,183,9,ー,時計,SR,ROLEX,,1601,,1番   ,,,,落札,"      358,000",,,,,,,,,,,,,,
東京エムジー時計,2024-02-28,,183,10,ー,時計,,ROLEX,,,,3番   ,,,,落札,"      161,000",,,,,,,,,,,,,,
東京エムジー時計,2024-02-28,,184,1,ー,時計,SS,ROLEX,,116680,,ランダム番 保  ,,,,落札,"      2,160,000",,,,,,,,,,,,,,
東京エムジー時計,2024-02-28,,184,2,ー,時計,SS,ROLEX,,116660,,ランダム番 保   ,,,,落札,"      1,550,000",,,,,,,,,,,,,,
東京エムジー時計,2024-02-28,,184,3,ー,時計,SS,ROLEX,,116000,,ランダム番 保   ,,,,落札,"      750,000",,,,,,,,,,,,,,
東京エムジー時計,2024-02-28,,184,4,ー,時計,SS,ROLEX,,116200,,G番 保   ,,,,落札,"      753,000",,,,,,,,,,,,,,
東京エムジー時計,2024-02-28,,184,5,ー,時計,SW,ROLEX,,116234,,Z番 保 ｺﾏ   ,,,,落札,"      930,000",,,,,,,,,,,,,,
東京エムジー時計,2024-02-28,,184,6,ー,時計,SS,ROLEX,,78240,,F番 保   ,,,,落札,"      555,000",,,,,,,,,,,,,,
東京エムジー時計,2024-02-28,,184,7,ー,時計,SY,ROLEX,,15223,,X番 保   ,,,,落札,"      577,000",,,,,,,,,,,,,,
東京エムジー時計,2024-02-28,,184,8,ー,時計,SW,ROLEX,,69174,,E番 保   ,,,,落札,"      343,000",,,,,,,,,,,,,,
東京エムジー時計,2024-02-28,,184,9,ー,時計,SR,ROLEX,,1601,,ランダム番  バネ棒固着  ,,,,落札,"      299,000",,,,,,,,,,,,,,
東京エムジー時計,2024-02-28,,184,10,ー,時計,SW,ROLEX,,77014,,Y番 保   ,,,,落札,"      408,000",,,,,,,,,,,,,,
東京エムジー時計,2024-02-28,,185,1,ー,時計,SS,ROLEX,,116660,,ランダム番 保  ,,,,落札,"      1,630,000",,,,,,,,,,,,,,
東京エムジー時計,2024-02-28,,185,2,ー,時計,SS,ROLEX,,116660,,G番 保  ,,,,落札,"      1,140,000",,,,,,,,,,,,,,
東京エムジー時計,2024-02-28,,185,3,ー,時計,SW,ROLEX,,116234,,Z番 国ｻ保  保  ,,,,落札,"      922,000",,,,,,,,,,,,,,
東京エムジー時計,2024-02-28,,185,4,ー,時計,SS,ROLEX,,116200,,M番 保 ｺﾏ  ,,,,落札,"      754,000",,,,,,,,,,,,,,
東京エムジー時計,2024-02-28,,185,5,ー,時計,SS,ROLEX,,116000,,ランダム番 保  ,,,,落札,"      712,000",,,,,,,,,,,,,,
東京エムジー時計,2024-02-28,,185,6,ー,時計,SS,ROLEX,,78240,,Y番 保  ,,,,落札,"      555,000",,,,,,,,,,,,,,
東京エムジー時計,2024-02-28,,185,7,ー,時計,SS,ROLEX,,116520,,K番   ,,,,落札,"      2,200,000",,,,,,,,,,,,,,
東京エムジー時計,2024-02-28,,185,8,ー,時計,SS,ROLEX,,15210,,T番 保  ,,,,落札,"      431,000",,,,,,,,,,,,,,
東京エムジー時計,2024-02-28,,185,9,ー,時計,SS,ROLEX,,14270,,A番 保  ,,,,落札,"      590,000",,,,,,,,,,,,,,
東京エムジー時計,2024-02-28,,189,2,ー,時計,,ROLEX,,,,ランダム番   ,,,,落札,"      20,000",,,,,,,,,,,,,,
東京エムジー時計,2024-02-28,,189,3,ー,時計,SS,ROLEX,,17000,,ランダム番    ,,,,落札,"      40,000",,,,,,,,,,,,,,
東京エムジー時計,2024-02-28,,191,2,ー,時計,YG,ROLEX,,18038,,91番   ,,,,落札,"      1,660,000",,,,,,,,,,,,,,
東京エムジー時計,2024-02-28,,192,1,ー,時計,SW,ROLEX,,16234,,L番 コマ  ,,,,落札,"      629,000",,,,,,,,,,,,,,
東京エムジー時計,2024-02-28,,192,2,ー,時計,SS,ROLEX,,114270,,Z番 保　※バンド固着  ,,,,落札,"      606,000",,,,,,,,,,,,,,
東京エムジー時計,2024-02-28,,192,3,ー,時計,SR,ROLEX,,1501,,15番   ,,,,落札,"      234,000",,,,,,,,,,,,,,
東京エムジー時計,2024-02-28,,193,1,ー,時計,SR,ROLEX,,1601,,,,,,落札,"      453,000",,,,,,,,,,,,,,
東京エムジー時計,2024-02-28,,193,2,ー,時計,SW,ROLEX,,6694,,,,,,落札,"      192,000",,,,,,,,,,,,,,
東京エムジー時計,2024-02-28,,193,3,ー,時計,SS,ROLEX,,1500,,,,,,落札,"      308,000",,,,,,,,,,,,,,
東京エムジー時計,2024-02-28,,193,4,ー,時計,SW,ROLEX,,6694,,,,,,落札,"      180,000",,,,,,,,,,,,,,
東京エムジー時計,2024-02-28,,196,1,ー,時計,SW,ROLEX,,116234,,M番 修明 サービスカード  ,,,,      不成立,      不成立,      不成立,,,,,,,,,,,,,,
東京エムジー時計,2024-02-28,,198,1,ー,時計,SS,ROLEX,,116200,,Z番 3コマ  ,,,,落札,"      715,000",,,,,,,,  不成立,,,,,,,
東京エムジー時計,2024-02-28,,198,2,ー,時計,SS,ROLEX,,77080,,A番 　一部困難  ,,,,      不成立,      不成立,      不成立,,,,,,,,,,,,,,
東京エムジー時計,2024-02-28,,198,3,ー,時計,SW,ROLEX,,16014,,８番 2コマ  ,,,,落札,"      418,000",,,,,,,,  不成立,,,,,,,
東京エムジー時計,2024-02-28,,198,4,ー,時計,SW,ROLEX,,116234,,D番   ,,,,落札,"      775,000",,,,,,,,,,,,,,
東京エムジー時計,2024-02-28,,198,5,ー,時計,SY,ROLEX,,16233,,S番   ,,,,落札,"      646,000",,,,,,,,,,,,,,
東京エムジー時計,2024-02-28,,198,6,ー,時計,SY,ROLEX,,16233,,X番   ,,,,落札,"      639,000",,,,,,,,,,,,,,
東京エムジー時計,2024-02-28,,198,7,ー,時計,SY,ROLEX,,16013,,７番   ,,,,落札,"      463,000",,,,,,,,,,,,,,
東京エムジー時計,2024-02-28,,198,8,ー,時計,SY,ROLEX,,69173,,W番   ,,,,落札,"      423,000",,,,,,,,,,,,,,
東京エムジー時計,2024-02-28,,198,9,ー,時計,,ROLEX,,2672,,42番 　総17.9g  ,,,,      不成立,      不成立,      不成立,,,,,,,,,,,,,,
東京エムジー時計,2024-02-28,,198,10,ー,時計,,ROLEX,,,,57番 プレシジョン　  ,,,,落札,"      165,000",,,,,,,,  不成立,,,,,,,
東京エムジー時計,2024-02-28,,200,1,ー,時計,SR,ROLEX,,1601,,2番   ,,,,落札,"      415,000",,,,,,,,,,,,,,
東京エムジー時計,2024-02-28,,200,2,ー,時計,,ROLEX,,116622,,箱 保 コマ,,,,落札,"      1,510,000",,,,,,,,,,,,,,
東京エムジー時計,2024-02-28,,200,3,ー,時計,その他,ROLEX,,6917,,5番   ,,,,落札,"      250,000",,,,,,,,,,,,,,
東京エムジー時計,2024-02-28,,200,4,ー,時計,SS,ROLEX,,1500,,2番   ,,,,落札,"      233,000",,,,,,,,,,,,,,
東京エムジー時計,2024-02-28,,200,10,ー,時計,SY,ROLEX,,1803,,クロノメーター証,,,,落札,"      911,000",,,,,,,,,,,,,,
東京エムジー時計,2024-02-28,,201,6,ー,時計,SS,ROLEX,,214270,,G番 保  ,,,,落札,"      788,000",,,,,,,,,,,,,,
東京エムジー時計,2024-02-28,,201,9,ー,時計,SW,ROLEX,,116264,,D番 箱 保  ,,,,落札,"      840,000",,,,,,,,,,,,,,
東京エムジー時計,2024-02-28,,203,1,ー,時計,SS,ROLEX,,124200,,保,,,,落札,"      730,000",,,,,,,,,,,,,,
東京エムジー時計,2024-02-28,,203,2,ー,時計,SY,ROLEX,,79173,,保,,,,落札,"      580,000",,,,,,,,,,,,,,
東京エムジー時計,2024-02-28,,203,3,ー,時計,WG,ROLEX,,79179,,,,,,      不成立,      不成立,      不成立,,,,,,,,,,,,,,
東京エムジー時計,2024-02-28,,203,4,ー,時計,PT,ROLEX,,69136,,保,,,,      不成立,      不成立,      不成立,,,,,,,,  不成立,,,,,,,
東京エムジー時計,2024-02-28,,203,5,ー,時計,PT,ROLEX,,79136,,保,,,,落札,"      1,800,000",,,,,,,,  不成立,,,,,,,
東京エムジー時計,2024-02-28,,206,2,ー,時計,SY,ROLEX,,69173,,S番   ,,,,落札,"      355,000",,,,,,,,,,,,,,
東京エムジー時計,2024-02-28,,206,3,ー,時計,SS,ROLEX,,1500,,12番 　ベルト破損  ,,,,落札,"      199,000",,,,,,,,,,,,,,
東京エムジー時計,2024-02-28,,206,4,ー,時計,,ROLEX,,,,,,,,      不成立,      不成立,      不成立,,,,,,,,,,,,,,
東京エムジー時計,2024-02-28,,208,1,ー,時計,SW,ROLEX,,6694,,,,,,落札,"      185,000",,,,,,,,  不成立,,,,,,,
東京エムジー時計,2024-02-28,,208,2,ー,時計,YG,ROLEX,,6618,,,,,,      不成立,      不成立,      不成立,,,,,,,,,,,,,,
東京エムジー時計,2024-02-28,,209,1,ー,時計,SS,ROLEX,,16610,,F番 箱 保  ,,,,落札,"      1,070,000",,,,,,,,  不成立,,,,,,,
東京エムジー時計,2024-02-28,,209,3,ー,時計,SS,ROLEX,,126900,,ランダム番 保  ,,,,落札,"      1,060,000",,,,,,,,,,,,,,
東京エムジー時計,2024-02-28,,209,4,ー,時計,SS,ROLEX,,126300,,保 コマ2,,,,落札,"      1,090,000",,,,,,,,,,,,,,
東京エムジー時計,2024-02-28,,209,5,ー,時計,SS,ROLEX,,126610,,保,,,,落札,"      1,950,000",,,,,,,,,,,,,,
東京エムジー時計,2024-02-28,,210,1,ー,時計,SY,ROLEX,,126613,,,,,,落札,"      1,820,000",,,,,,,,,,,,,,
東京エムジー時計,2024-02-28,,210,3,ー,時計,,ROLEX,,16622,,Y番   ,,,,落札,"      934,000",,,,,,,,,,,,,,
東京エムジー時計,2024-02-28,,210,4,ー,時計,SS,ROLEX,,126000,,,,,,落札,"      734,000",,,,,,,,,,,,,,
東京エムジー時計,2024-02-28,,211,3,ー,時計,SW,ROLEX,,16234,,W番   ,,,,落札,"      741,000",,,,,,,,,,,,,,
東京エムジー時計,2024-02-28,,211,4,ー,時計,SR,ROLEX,,179171,,Z番 箱 保  ,,,,落札,"      1,010,000",,,,,,,,,,,,,,
東京エムジー時計,2024-02-28,,211,5,ー,時計,SS,ROLEX,,76080,,F番 箱 保 コマ3  ,,,,落札,"      287,000",,,,,,,,,,,,,,
東京エムジー時計,2024-02-28,,212,5,ー,時計,SW,ROLEX,,179174,,M番 箱 保  ,,,,落札,"      730,000",,,,,,,,,,,,,,
東京エムジー時計,2024-02-28,,212,6,ー,時計,SS,ROLEX,,77080,,Y番 箱 保  ,,,,落札,"      415,000",,,,,,,,,,,,,,
東京エムジー時計,2024-02-28,,213,1,ー,時計,SS,ROLEX,,16570,,S番 保 グリーンタグ クロノメーター　シングルバックル　取扱注意  ,,,,落札,"      850,000",,,,,,,,,,,,,,
東京エムジー時計,2024-02-28,,213,3,ー,時計,SS,ROLEX,,116200,,箱 保 取説,,,,      不成立,      不成立,      不成立,,,,,,,,,,,,,,
東京エムジー時計,2024-02-28,,215,2,ー,時計,SY,ROLEX,,16233,,Ｓ番 OH証(2017)  ,,,,落札,"      540,000",,,,,,,,  不成立,,,,,,,
東京エムジー時計,2024-02-28,,215,10,ー,時計,SY,ROLEX,,79173,,Ｙ番   ,,,,落札,"      460,000",,,,,,,,,,,,,,
東京エムジー時計,2024-02-28,,216,1,ー,時計,SY,ROLEX,,69173,,X番 箱 冊子　デイト３Ｈ遅  ,,,,落札,"      380,000",,,,,,,,,,,,,,
東京エムジー時計,2024-02-28,,217,2,ー,時計,SS,ROLEX,,116200,,保 修明,,,,      不成立,      不成立,      不成立,,,,,,,,,,,,,,
東京エムジー時計,2024-02-28,,218,1,ー,時計,WG,ROLEX,,116519,,ランダム番 箱 保(2021/2)  ,,,,落札,"      5,250,000",,,,,,,,  不成立,,,,,,,
東京エムジー時計,2024-02-28,,219,1,ー,時計,SS,ROLEX,,14060,,K番  　本体のみ  ,,,,落札,"      920,000",,,,,,,,,,,,,,
東京エムジー時計,2024-02-28,,223,3,ー,時計,YG,ROLEX,,116238,,G番 箱 保  ,,,,      不成立,      不成立,      不成立,,,,,,,,,,,,,,
東京エムジー時計,2024-02-28,,223,7,ー,時計,,ROLEX,,,,,,,,落札,"      7,000",,,,,,,,  不成立,,,,,,,
東京エムジー時計,2024-02-28,,232,1,ー,時計,SS,ROLEX,,116400,,箱 ｺﾏ2 取説 冊子 修明 ﾀｸﾞ,,,,      不成立,      不成立,      不成立,,,,,,,,,,,,,,
東京エムジー時計,2024-02-28,,232,2,ー,時計,SW,ROLEX,,16014,,R番 箱 店保 ﾀｸﾞ  ,,,,落札,"      537,000",,,,,,,,  不成立,,,,,,,
東京エムジー時計,2024-02-28,,232,3,ー,時計,SW,ROLEX,,16264,,箱 保 ｺﾏ3 取説 冊子 店保 ﾀｸﾞ,,,,落札,"      627,000",,,,,,,,,,,,,,
東京エムジー時計,2024-02-28,,232,4,ー,時計,SW,ROLEX,,69174,,E番 箱 保 取説 冊子　  ﾌﾙｰﾃｯﾄﾞﾍﾞｾﾞﾙ　旧P　  ,,,,落札,"      330,000",,,,,,,,,,,,,,
東京エムジー時計,2024-02-28,,232,5,ー,時計,SS,ROLEX,,176200,,保,,,,落札,"      411,000",,,,,,,,,,,,,,
東京エムジー時計,2024-02-28,,232,6,ー,時計,SY,ROLEX,,69173,,,,,,落札,"      367,000",,,,,,,,,,,,,,
東京エムジー時計,2024-02-28,,233,1,ー,時計,SY,ROLEX,,16013,,,,,,落札,"      509,000",,,,,,,,,,,,,,
東京エムジー時計,2024-02-28,,233,2,ー,時計,YG,ROLEX,,69178,,75番 ﾌﾗｯｼｭﾌｨｯﾄ社外　Ｘ線検査済　  ,,,,落札,"      515,000",,,,,,,,,,,,,,
東京エムジー時計,2024-02-28,,233,3,ー,時計,SY,ROLEX,,16233,,Ｓ番 　  ,,,,落札,"      656,000",,,,,,,,,,,,,,
東京エムジー時計,2024-02-28,,233,4,ー,時計,その他,ROLEX,,6917,,61番   ,,,,落札,"      270,000",,,,,,,,,,,,,,
東京エムジー時計,2024-02-28,,233,5,ー,時計,SS,ROLEX,,1500,,13番 1960年代~1980年代　  ,,,,落札,"      302,000",,,,,,,,,,,,,,
東京エムジー時計,2024-02-28,,233,6,ー,時計,SS,ROLEX,,16750,,R番 冊子 替えﾍﾞｾﾞﾙ 修明  ,,,,      不成立,      不成立,      不成立,,,,,,,,,,,,,,
東京エムジー時計,2024-02-28,,233,7,ー,時計,SW,ROLEX,,68274,,N番 箱 保 ｺﾏ1 取説 冊子　文字盤染み　風防欠け　不動　ﾌﾙｺﾏ　ｴﾄｼﾐ有  ,,,,落札,"      641,000",,,,,,,,  不成立,,,,,,,
東京エムジー時計,2024-02-28,,233,8,ー,時計,SY,ROLEX,,16613,,S番 箱 枕1989年~2009年　ｸﾗｽﾌﾟS　　不動  ,,,,落札,"      1,020,000",,,,,,,,,,,,,,
東京エムジー時計,2024-02-28,,233,9,ー,時計,SY,ROLEX,,69173,,R番 箱 保 取説 冊子 ﾀｸﾞ 修保  ,,,,落札,"      438,000",,,,,,,,,,,,,,
東京エムジー時計,2024-02-28,,233,10,ー,時計,SY,ROLEX,,69173,,箱(ケースなし) 取説,,,,落札,"      371,000",,,,,,,,,,,,,,
東京エムジー時計,2024-02-28,,234,1,ー,時計,SS,ROLEX,,69160,,U番 ケース 保 冊子 ｺﾏ1 ﾀｸﾞ 修明 店保　ﾌﾙｺﾏ　  ,,,,落札,"      316,000",,,,,,,,,,,,,,
東京エムジー時計,2024-02-28,,236,6,ー,時計,YG,ROLEX,,69178,,R番 ｹｰｽ 保 取説 修明(2016年)  ,,,,      不成立,      不成立,      不成立,,,,,,,,,,,,,,
東京エムジー時計,2024-02-28,,237,6,ー,時計,,ROLEX,,,,サービスケース,,,,      不成立,      不成立,      不成立,,,,,,,,  不成立,,,,,,,
東京エムジー時計,2024-02-28,,238,1,ー,時計,SS,ROLEX,,116400,,V番   ,,,,落札,"      930,000",,,,,,,,  不成立,,,,,,,
東京エムジー時計,2024-02-28,,238,3,ー,時計,SW,ROLEX,,79174,,K番 箱 保  ,,,,落札,"      407,000",,,,,,,,,,,,,,
東京エムジー時計,2024-02-28,,239,1,ー,時計,SS,ROLEX,,179160,,,,,,落札,"      565,000",,,,,,,,,,,,,,
東京エムジー時計,2024-02-28,,240,3,ー,時計,YG,ROLEX,,18238,,T番   ,,,,      不成立,      不成立,      不成立,,,,,,,,,,,,,,
東京エムジー時計,2024-02-28,,240,4,ー,時計,SY,ROLEX,,5513,,28番 保  ,,,,落札,"      1,860,000",,,,,,,,  不成立,,,,,,,
東京エムジー時計,2024-02-28,,240,6,ー,時計,PT,ROLEX,,6536,,3番    裏ブタあきます  ,,,,      不成立,      不成立,      不成立,,,,,,,,,,,,,,
東京エムジー時計,2024-02-28,,240,7,ー,時計,SS,ROLEX,,14060,,K番   ,,,,      不成立,      不成立,      不成立,,,,,,,,  不成立,,,,,,,
東京エムジー時計,2024-02-28,,240,9,ー,時計,SR,ROLEX,,4271,,5番 　総34.2g  ,,,,落札,"      204,000",,,,,,,,  不成立,,,,,,,
東京エムジー時計,2024-02-28,,243,2,ー,時計,WG,ROLEX,,116519,,Ｙ番 ケース 保  ,,,,      不成立,      不成立,      不成立,,,,,,,,,,,,,,
東京エムジー時計,2024-02-28,,243,3,ー,時計,YG,ROLEX,,18238,,Ｗ番 ダイヤ　  ,,,,      不成立,      不成立,      不成立,,,,,,,,  不成立,,,,,,,
東京エムジー時計,2024-02-28,,243,7,ー,時計,SS,ROLEX,,16570,,Ｗ番   ,,,,      不成立,      不成立,      不成立,,,,,,,,  不成立,,,,,,,
東京エムジー時計,2024-02-28,,243,9,ー,時計,WG,ROLEX,,4109,,６９番   ,,,,落札,"      223,000",,,,,,,,  不成立,,,,,,,
東京エムジー時計,2024-02-28,,243,10,ー,時計,SW,ROLEX,,69174,,８６番   ,,,,      不成立,      不成立,      不成立,,,,,,,,,,,,,,
東京エムジー時計,2024-02-28,,244,8,ー,時計,RG,ROLEX,,1625,,2番   ,,,,      不成立,      不成立,      不成立,,,,,,,,  不成立,,,,,,,
東京エムジー時計,2024-02-28,,246,10,ー,時計,,ROLEX,,4082,,43番 チェリーニ　　58.6g  ,,,,落札,"      366,000",,,,,,,,  不成立,,,,,,,
東京エムジー時計,2024-02-28,,248,2,ー,時計,SR,ROLEX,,1601,,11番  ﾐﾗｰﾀﾞｲﾔﾙﾄﾛﾋﾟｶﾙ  ,,,,      不成立,      不成立,      不成立,,,,,,,,,,,,,,
東京エムジー時計,2024-02-28,,250,1,ー,時計,SY,ROLEX,,679173,,S番   ,,,,落札,"      400,000",,,,,,,,  不成立,,,,,,,
東京エムジー時計,2024-02-28,,250,2,ー,時計,SY,ROLEX,,5513,,R番 　リューズ取れ  ,,,,落札,"      910,000",,,,,,,,,,,,,,
東京エムジー時計,2024-02-28,,250,3,ー,時計,SS,ROLEX,,1680,,57番 箱 保 カレンダー  ,,,,落札,"      1,970,000",,,,,,,,,,,,,,
東京エムジー時計,2024-02-28,,252,3,ー,時計,WG,ROLEX,,6619,,1番   ,,,,落札,"      130,000",,,,,,,,,,,,,,
東京エムジー時計,2024-02-28,,252,4,ー,時計,PT,ROLEX,,6916,,3番   ,,,,      不成立,      不成立,      不成立,,,,,,,,,,,,,,
東京エムジー時計,2024-02-28,,252,5,ー,時計,WG,ROLEX,,6619,,3番   ,,,,      不成立,      不成立,      不成立,,,,,,,,  不成立,,,,,,,
東京エムジー時計,2024-02-28,,252,6,ー,時計,,ROLEX,,6422,,3番   ,,,,      不成立,      不成立,      不成立,,,,,,,,  不成立,,,,,,,
東京エムジー時計,2024-02-28,,252,7,ー,時計,SW,ROLEX,,69174,,,,,,      不成立,      不成立,      不成立,,,,,,,,  不成立,,,,,,,
東京エムジー時計,2024-02-28,,252,8,ー,時計,SY,ROLEX,,1503,,9番   ,,,,      不成立,      不成立,      不成立,,,,,,,,  不成立,,,,,,,
東京エムジー時計,2024-02-28,,252,9,ー,時計,SR,ROLEX,,1601,,1番   ,,,,落札,"      800,000",,,,,,,,  不成立,,,,,,,
東京エムジー時計,2024-02-28,,256,4,ー,時計,SW,ROLEX,,126234,,箱 保 コマ,,,,落札,"      1,390,000",,,,,,,,,,,,,,
東京エムジー時計,2024-02-28,,257,1,ー,時計,SY,ROLEX,,16013,,R番 箱  ,,,,落札,"      515,000",,,,,,,,,,,,,,
東京エムジー時計,2024-02-28,,257,2,ー,時計,SW,ROLEX,,16014,,R番 箱 保  ,,,,落札,"      580,000",,,,,,,,,,,,,,
東京エムジー時計,2024-02-28,,257,3,ー,時計,,ROLEX,,,,U番 箱 保  ,,,,落札,"      410,000",,,,,,,,,,,,,,
東京エムジー時計,2024-02-28,,257,4,ー,時計,SY,ROLEX,,79173,,K番 箱 保  ,,,,落札,"      555,000",,,,,,,,,,,,,,
東京エムジー時計,2024-02-28,,257,5,ー,時計,SY,ROLEX,,16233,,W番 コマ4 箱 保  ,,,,落札,"      790,000",,,,,,,,,,,,,,
東京エムジー時計,2024-02-28,,257,6,ー,時計,SW,ROLEX,,16264,,A番 箱 コマ１  ,,,,落札,"      600,000",,,,,,,,,,,,,,
東京エムジー時計,2024-02-28,,257,7,ー,時計,SW,ROLEX,,16234,,U番 ケース 保  ,,,,落札,"      705,000",,,,,,,,,,,,,,
東京エムジー時計,2024-02-28,,257,8,ー,時計,SS,ROLEX,,14060,,K番 箱 保 コマ１  ,,,,落札,"      894,000",,,,,,,,,,,,,,
東京エムジー時計,2024-02-28,,257,9,ー,時計,SS,ROLEX,,16610,,F番 箱  ,,,,落札,"      1,080,000",,,,,,,,,,,,,,
東京エムジー時計,2024-02-28,,257,10,ー,時計,SY,ROLEX,,126613,,ランダム番 箱 保  ,,,,落札,"      2,110,000",,,,,,,,,,,,,,
東京エムジー時計,2024-02-28,,258,1,ー,時計,SS,ROLEX,,116660,,ランダム番 箱 保 コマ３  ,,,,落札,"      1,600,000",,,,,,,,,,,,,,
東京エムジー時計,2024-02-28,,258,2,ー,時計,SS,ROLEX,,116520,,V番 保 コマ３  ,,,,落札,"      2,690,000",,,,,,,,,,,,,,
東京エムジー時計,2024-02-28,,258,3,ー,時計,SY,ROLEX,,1603,,44番   ,,,,落札,"      345,000",,,,,,,,,,,,,,
東京エムジー時計,2024-02-28,,258,4,ー,時計,SY,ROLEX,,79173,,P番   ,,,,落札,"      445,000",,,,,,,,,,,,,,
東京エムジー時計,2024-02-28,,258,5,ー,時計,SY,ROLEX,,16233,,X番 保  ,,,,落札,"      685,000",,,,,,,,,,,,,,
東京エムジー時計,2024-02-28,,258,6,ー,時計,SS,ROLEX,,124200,,ランダム番 保  ,,,,落札,"      705,000",,,,,,,,,,,,,,
東京エムジー時計,2024-02-28,,258,7,ー,時計,SS,ROLEX,,16570,,Y番 ソフトケース  ,,,,落札,"      750,000",,,,,,,,,,,,,,
東京エムジー時計,2024-02-28,,258,8,ー,時計,SW,ROLEX,,16234,,E番   ,,,,落札,"      507,000",,,,,,,,,,,,,,
東京エムジー時計,2024-02-28,,260,1,ー,時計,PT,ROLEX,,6516,,22番   ,,,,落札,"      160,000",,,,,,,,,,,,,,
東京エムジー時計,2024-02-28,,260,2,ー,時計,SS,ROLEX,,69240,,X番   ,,,,落札,"      250,000",,,,,,,,,,,,,,
東京エムジー時計,2024-02-28,,266,1,ー,時計,,ROLEX,,4112,,,,,,落札,"      139,000",,,,,,,,,,,,,,
東京エムジー時計,2024-02-28,,267,3,ー,時計,YG,ROLEX,,228238,,箱 冊子,,,,      不成立,      不成立,      不成立,,,,,,,,,,,,,,
東京エムジー時計,2024-02-28,,268,1,ー,時計,SW,ROLEX,,16014,,保,,,,落札,"      433,000",,,,,,,,  不成立,,,,,,,
東京エムジー時計,2024-02-28,,268,3,ー,時計,PT,ROLEX,,6916,,,,,,落札,"      161,000",,,,,,,,,,,,,,
東京エムジー時計,2024-02-28,,272,6,ー,時計,SS,ROLEX,,16030,,９番   ,,,,落札,"      500,000",,,,,,,,,,,,,,
東京エムジー時計,2024-02-28,,272,7,ー,時計,YG,ROLEX,,69158,,Ｗ番 保　日付３時ごろ切替る  ,,,,落札,"      2,400,000",,,,,,,,,,,,,,
東京エムジー時計,2024-02-28,,272,8,ー,時計,RG,ROLEX,,116655,,ランダム番 保  ,,,,      不成立,      不成立,      不成立,,,,,,,,,,,,,,
東京エムジー時計,2024-02-28,,272,9,ー,時計,SW,ROLEX,,116264,,Ｚ番 保  ,,,,落札,"      880,000",,,,,,,,  不成立,,,,,,,
東京エムジー時計,2024-02-28,,272,10,ー,時計,SR,ROLEX,,278241,,ランダム番 保  ,,,,落札,"      1,490,000",,,,,,,,,,,,,,
東京エムジー時計,2024-02-28,,275,8,ー,時計,SS,ROLEX,,69240,,Ｔ番   ,,,,落札,"      254,000",,,,,,,,,,,,,,
東京エムジー時計,2024-02-28,,275,9,ー,時計,SW,ROLEX,,16264,,Ｗ番   ,,,,落札,"      515,000",,,,,,,,,,,,,,
東京エムジー時計,2024-02-28,,275,10,ー,時計,YG,ROLEX,,16238,,Ｒ番   ,,,,落札,"      2,120,000",,,,,,,,,,,,,,
東京エムジー時計,2024-02-28,,276,6,ー,時計,SY,ROLEX,,16233,,S番   ,,,,      不成立,      不成立,      不成立,,,,,,,,,,,,,,
東京エムジー時計,2024-02-28,,276,7,ー,時計,SY,ROLEX,,16233,,S番 保  ,,,,落札,"      677,000",,,,,,,,  不成立,,,,,,,
東京エムジー時計,2024-02-28,,276,8,ー,時計,SY,ROLEX,,5443,,D番   ,,,,落札,"      593,000",,,,,,,,,,,,,,
東京エムジー時計,2024-02-28,,276,9,ー,時計,SS,ROLEX,,16700,,S番 保  ,,,,落札,"      1,390,000",,,,,,,,,,,,,,
東京エムジー時計,2024-02-28,,277,6,ー,時計,SW,ROLEX,,179174,,D番 保  ,,,,落札,"      750,000",,,,,,,,,,,,,,
東京エムジー時計,2024-02-28,,277,7,ー,時計,SW,ROLEX,,6694,,1番   ,,,,落札,"      191,000",,,,,,,,,,,,,,
東京エムジー時計,2024-02-28,,277,8,ー,時計,その他,ROLEX,,6567,,3番   ,,,,落札,"      453,000",,,,,,,,,,,,,,
東京エムジー時計,2024-02-28,,277,9,ー,時計,SS,ROLEX,,16570,,U番 保 メーカー修理  ,,,,落札,"      809,000",,,,,,,,,,,,,,
東京エムジー時計,2024-02-28,,277,10,ー,時計,SS,ROLEX,,16610,,M番 保  ,,,,落札,"      1,160,000",,,,,,,,,,,,,,
東京エムジー時計,2024-02-28,,278,7,ー,時計,SS,ROLEX,,14270,,Ｓ番   ,,,,落札,"      547,000",,,,,,,,,,,,,,
東京エムジー時計,2024-02-28,,278,8,ー,時計,SS,ROLEX,,16570,,Ｓ番 保  ,,,,落札,"      798,000",,,,,,,,,,,,,,
東京エムジー時計,2024-02-28,,278,9,ー,時計,,ROLEX,,16622,,Ｋ番   ,,,,落札,"      888,000",,,,,,,,,,,,,,
東京エムジー時計,2024-02-28,,279,8,ー,時計,SS,ROLEX,,4320,,４番   ,,,,落札,"      549,000",,,,,,,,,,,,,,
東京エムジー時計,2024-02-28,,279,9,ー,時計,SS,ROLEX,,114270,,Ｐ番 箱 保  ,,,,落札,"      644,000",,,,,,,,,,,,,,
東京エムジー時計,2024-02-28,,279,10,ー,時計,YG,ROLEX,,16618,,Ｙ番 箱 保  ,,,,落札,"      3,300,000",,,,,,,,,,,,,,
東京エムジー時計,2024-02-28,,280,3,ー,時計,SS,ROLEX,,15210,,U番 保  ,,,,      不成立,      不成立,      不成立,,,,,,,,,,,,,,
東京エムジー時計,2024-02-28,,280,4,ー,時計,SS,ROLEX,,16220,,Ｔ番   ,,,,落札,"      530,000",,,,,,,,  不成立,,,,,,,
東京エムジー時計,2024-02-28,,280,5,ー,時計,SY,ROLEX,,16233,,Ｘ番 保  ,,,,落札,"      600,000",,,,,,,,,,,,,,
東京エムジー時計,2024-02-28,,280,6,ー,時計,SY,ROLEX,,16233,,Ｘ番   ,,,,落札,"      560,000",,,,,,,,,,,,,,
東京エムジー時計,2024-02-28,,280,7,ー,時計,SY,ROLEX,,16233,,Ｒ番   ,,,,      不成立,      不成立,      不成立,,,,,,,,,,,,,,
東京エムジー時計,2024-02-28,,280,8,ー,時計,SS,ROLEX,,16570,,Ｗ番 保  ,,,,落札,"      860,000",,,,,,,,  不成立,,,,,,,
東京エムジー時計,2024-02-28,,280,9,ー,時計,SS,ROLEX,,16600,,Ｚ番   ,,,,落札,"      924,000",,,,,,,,,,,,,,
東京エムジー時計,2024-02-28,,282,8,ー,時計,SS,ROLEX,,77080,,A番   ,,,,落札,"      360,000",,,,,,,,,,,,,,
東京エムジー時計,2024-02-28,,282,9,ー,時計,SS,ROLEX,,15200,,Ｌ番 保  ,,,,落札,"      480,000",,,,,,,,,,,,,,
東京エムジー時計,2024-02-28,,282,10,ー,時計,SY,ROLEX,,16013,,8番   ,,,,落札,"      520,000",,,,,,,,,,,,,,
東京エムジー時計,2024-02-28,,283,8,ー,時計,SS,ROLEX,,116610,,ランダム番 保  ,,,,落札,"      2,380,000",,,,,,,,,,,,,,
東京エムジー時計,2024-02-28,,283,9,ー,時計,SS,ROLEX,,16520,,A番 保 コマ×１  ,,,,      不成立,      不成立,      不成立,,,,,,,,,,,,,,
東京エムジー時計,2024-02-28,,290,3,ー,時計,SY,ROLEX,,79173,,,,,,落札,"      343,000",,,,,,,,  不成立,,,,,,,
東京エムジー時計,2024-02-28,,291,1,ー,時計,,ROLEX,,,,,,,,落札,"      13,000",,,,,,,,,,,,,,
東京エムジー時計,2024-02-28,,294,1,ー,時計,SW,ROLEX,,279174,,箱 保 コマ,,,,落札,"      1,460,000",,,,,,,,,,,,,,
東京エムジー時計,2024-02-28,,294,2,ー,時計,SR,ROLEX,,179171,,D番 箱 保 コマ  ,,,,落札,"      1,000,000",,,,,,,,,,,,,,
東京エムジー時計,2024-02-28,,294,3,ー,時計,SY,ROLEX,,16523,,W番 箱 OH証明  ,,,,落札,"      1,900,000",,,,,,,,,,,,,,
東京エムジー時計,2024-02-28,,294,4,ー,時計,SW,ROLEX,,69174,,Ｒ番 箱 コマ  ,,,,落札,"      359,000",,,,,,,,,,,,,,
東京エムジー時計,2024-02-28,,294,10,ー,時計,SS,ROLEX,,16570,,Ｗ番   ,,,,落札,"      770,000",,,,,,,,,,,,,,
東京エムジー時計,2024-02-28,,295,1,ー,時計,SY,ROLEX,,16233,,X番 コマ  ,,,,落札,"      642,000",,,,,,,,,,,,,,
東京エムジー時計,2024-02-28,,295,7,ー,時計,SS,ROLEX,,5700,,,,,,落札,"      500,000",,,,,,,,,,,,,,
東京エムジー時計,2024-02-28,,295,10,ー,時計,SS,ROLEX,,116710,,箱 保 コマ,,,,落札,"      1,860,000",,,,,,,,,,,,,,
東京エムジー時計,2024-02-28,,296,5,ー,時計,その他,ROLEX,,1007,,3番   ,,,,落札,"      260,000",,,,,,,,,,,,,,
東京エムジー時計,2024-02-28,,298,1,ー,時計,PT,ROLEX,,6536,,1番 コマ 部品 修明  ,,,,      不成立,      不成立,      不成立,,,,,,,,,,,,,,
東京エムジー時計,2024-02-28,,299,1,ー,時計,SS,ROLEX,,126200,,ランダム番 保（2021/6）  ,,,,      不成立,      不成立,      不成立,,,,,,,,  不成立,,,,,,,
東京エムジー時計,2024-02-28,,299,2,ー,時計,SS,ROLEX,,116200,,G番 保（2011/7）  ,,,,落札,"      759,000",,,,,,,,  不成立,,,,,,,
東京エムジー時計,2024-02-28,,302,1,ー,時計,SY,ROLEX,,16233,,,,,,落札,"      633,000",,,,,,,,,,,,,,
東京エムジー時計,2024-02-28,,302,2,ー,時計,SY,ROLEX,,168623,,,,,,落札,"      695,000",,,,,,,,,,,,,,
東京エムジー時計,2024-02-28,,302,3,ー,時計,SS,ROLEX,,116660,,保,,,,落札,"      1,160,000",,,,,,,,,,,,,,
東京エムジー時計,2024-02-28,,302,4,ー,時計,SY,ROLEX,,16233,,,,,,落札,"      568,000",,,,,,,,,,,,,,
東京エムジー時計,2024-02-28,,302,5,ー,時計,SR,ROLEX,,1601,,,,,,落札,"      375,000",,,,,,,,,,,,,,
東京エムジー時計,2024-02-28,,302,6,ー,時計,SY,ROLEX,,69623,,保,,,,落札,"      640,000",,,,,,,,,,,,,,
東京エムジー時計,2024-02-28,,302,7,ー,時計,SY,ROLEX,,69173,,保,,,,落札,"      375,000",,,,,,,,,,,,,,
東京エムジー時計,2024-02-28,,302,8,ー,時計,SW,ROLEX,,6694,,,,,,落札,"      184,000",,,,,,,,,,,,,,
東京エムジー時計,2024-02-28,,304,4,ー,時計,YG,ROLEX,,15038,,9番 保  ,,,,      不成立,      不成立,      不成立,,,,,,,,,,,,,,
東京エムジー時計,2024-02-28,,306,3,ー,時計,YG,ROLEX,,69178,,S番 箱 保  ,,,,落札,"      860,000",,,,,,,,  不成立,,,,,,,
東京エムジー時計,2024-02-28,,307,1,ー,時計,SS,ROLEX,,114270,,Z番   ,,,,      不成立,      不成立,      不成立,,,,,,,,,,,,,,
東京エムジー時計,2024-02-28,,307,2,ー,時計,SS,ROLEX,,16570,,K番   ,,,,落札,"      815,000",,,,,,,,  不成立,,,,,,,
東京エムジー時計,2024-02-28,,307,3,ー,時計,SS,ROLEX,,16030,,86番   ,,,,      不成立,      不成立,      不成立,,,,,,,,,,,,,,
東京エムジー時計,2024-02-28,,307,4,ー,時計,SW,ROLEX,,6694,,18番 　リューズねじ込み不良  ,,,,落札,"      170,000",,,,,,,,  不成立,,,,,,,
東京エムジー時計,2024-02-28,,307,5,ー,時計,SW,ROLEX,,6694,,83番 　本体のみ  ,,,,落札,"      180,000",,,,,,,,,,,,,,
東京エムジー時計,2024-02-28,,307,6,ー,時計,PT,ROLEX,,6426,,28番   ,,,,落札,"      170,000",,,,,,,,,,,,,,
東京エムジー時計,2024-02-28,,307,7,ー,時計,SS,ROLEX,,3810,,22番 　総18.4g  ,,,,落札,"      100,000",,,,,,,,,,,,,,
東京エムジー時計,2024-02-28,,331,1,ー,時計,WG,ROLEX,,116519,,箱  保(2020年12月),,,,      不成立,      不成立,      不成立,,,,,,,,,,,,,,
東京エムジー時計,2024-02-28,,331,2,ー,時計,SW,ROLEX,,16234,,Y番 ケース 保  ,,,,落札,"      733,000",,,,,,,,  不成立,,,,,,,
東京エムジー時計,2024-02-28,,331,3,ー,時計,その他,ROLEX,,6917,,3番   ,,,,落札,"      179,000",,,,,,,,,,,,,,
東京エムジー時計,2024-02-28,,331,4,ー,時計,その他,ROLEX,,6917,,6番 箱  保  ,,,,落札,"      239,000",,,,,,,,,,,,,,
東京エムジー時計,2024-02-28,,332,2,ー,時計,SS,ROLEX,,176200,,箱 保,,,,落札,"      401,000",,,,,,,,,,,,,,
東京エムジー時計,2024-02-28,,332,8,ー,時計,SS,ROLEX,,16520,,W番 箱（箱内部劣化） 保　フラッシュフィット凹み  ,,,,      不成立,      不成立,      不成立,,,,,,,,,,,,,,
東京エムジー時計,2024-02-28,,332,10,ー,時計,SS,ROLEX,,14000,,U番 箱 保  ,,,,      不成立,      不成立,      不成立,,,,,,,,  不成立,,,,,,,
東京エムジー時計,2024-02-28,,333,1,ー,時計,SS,ROLEX,,16700,,T番   ,,,,      不成立,      不成立,      不成立,,,,,,,,  不成立,,,,,,,
東京エムジー時計,2024-02-28,,333,3,ー,時計,SW,ROLEX,,6694,,29番   ,,,,落札,"      258,000",,,,,,,,  不成立,,,,,,,
東京エムジー時計,2024-02-28,,334,1,ー,時計,SW,ROLEX,,6694,,52番   ,,,,落札,"      256,000",,,,,,,,,,,,,,
東京エムジー時計,2024-02-28,,336,1,ー,時計,SW,ROLEX,,6694,,9番 　オイスターデイト  ,,,,落札,"      188,000",,,,,,,,,,,,,,
東京エムジー時計,2024-02-28,,336,3,ー,時計,,ROLEX,,,,,,,,      不成立,      不成立,      不成立,,,,,,,,,,,,,,
東京エムジー時計,2024-02-28,,336,4,ー,時計,SW,ROLEX,,6694,,,,,,落札,"      135,000",,,,,,,,  不成立,,,,,,,
東京エムジー時計,2024-02-28,,336,5,ー,時計,YG,ROLEX,,1008,,,,,,落札,"      354,000",,,,,,,,,,,,,,
東京エムジー時計,2024-02-28,,338,6,ー,時計,SW,ROLEX,,6694,,5番   ,,,,落札,"      170,000",,,,,,,,,,,,,,
東京エムジー時計,2024-02-28,,338,7,ー,時計,PT,ROLEX,,5516,,5番   ,,,,落札,"      162,000",,,,,,,,,,,,,,
東京エムジー時計,2024-02-28,,338,8,ー,時計,WG,ROLEX,,2189,,2番 　10.9g  ,,,,      不成立,      不成立,      不成立,,,,,,,,,,,,,,
東京エムジー時計,2024-02-28,,340,3,ー,時計,SY,ROLEX,,179173,,,,,,落札,"      747,000",,,,,,,,  不成立,,,,,,,
東京エムジー時計,2024-02-28,,340,5,ー,時計,SY,ROLEX,,69173,,L番 ケース 保  ,,,,落札,"      429,000",,,,,,,,,,,,,,
東京エムジー時計,2024-02-28,,341,2,ー,時計,SS,ROLEX,,214270,,保（2015.7）,,,,落札,"      780,000",,,,,,,,,,,,,,
東京エムジー時計,2024-02-28,,342,1,ー,時計,SS,ROLEX,,67180,,U番 箱 保 コマ  ,,,,落札,"      218,000",,,,,,,,,,,,,,
東京エムジー時計,2024-02-28,,342,2,ー,時計,SY,ROLEX,,1603,,32番   ,,,,落札,"      347,000",,,,,,,,,,,,,,
東京エムジー時計,2024-02-28,,342,3,ー,時計,SY,ROLEX,,16233,,T番 箱  ,,,,落札,"      565,000",,,,,,,,,,,,,,
東京エムジー時計,2024-02-28,,342,4,ー,時計,SS,ROLEX,,15200,,A番 箱 国サ保  ,,,,落札,"      384,000",,,,,,,,,,,,,,
東京エムジー時計,2024-02-28,,342,5,ー,時計,SY,ROLEX,,16233,,W番 箱  ,,,,落札,"      571,000",,,,,,,,,,,,,,
東京エムジー時計,2024-02-28,,343,4,ー,時計,SW,ROLEX,,16234,,W番 箱 保  ,,,,落札,"      561,000",,,,,,,,,,,,,,
東京エムジー時計,2024-02-28,,343,5,ー,時計,SS,ROLEX,,16610,,T番 箱 保  ,,,,落札,"      915,000",,,,,,,,,,,,,,
東京エムジー時計,2024-02-28,,343,6,ー,時計,SS,ROLEX,,16710,,A番 保 コマ  ,,,,落札,"      1,470,000",,,,,,,,,,,,,,
東京エムジー時計,2024-02-28,,343,7,ー,時計,SR,ROLEX,,179161,,D番 箱 コマ  ,,,,落札,"      760,000",,,,,,,,,,,,,,
東京エムジー時計,2024-02-28,,344,10,ー,時計,SS,ROLEX,,76080,,K番 箱 保  ,,,,落札,"      242,000",,,,,,,,,,,,,,
東京エムジー時計,2024-02-28,,346,3,ー,時計,SY,ROLEX,,1803,,25番   ,,,,落札,"      920,000",,,,,,,,,,,,,,
東京エムジー時計,2024-02-28,,346,4,ー,時計,SS,ROLEX,,16570,,U番 保  ,,,,      不成立,      不成立,      不成立,,,,,,,,,,,,,,
東京エムジー時計,2024-02-28,,347,1,ー,時計,SY,ROLEX,,69173,,X番   ,,,,落札,"      345,000",,,,,,,,  不成立,,,,,,,
東京エムジー時計,2024-02-28,,348,10,ー,時計,SS,ROLEX,,4080,,69番 チェリーニ　  ,,,,      不成立,      不成立,      不成立,,,,,,,,,,,,,,
東京エムジー時計,2024-02-28,,349,1,ー,時計,SS,ROLEX,,16710,,K番 保  ,,,,      不成立,      不成立,      不成立,,,,,,,,  不成立,,,,,,,
東京エムジー時計,2024-02-28,,349,2,ー,時計,SY,ROLEX,,16613,,X番 保  ,,,,      不成立,      不成立,      不成立,,,,,,,,  不成立,,,,,,,
東京エムジー時計,2024-02-28,,349,3,ー,時計,SS,ROLEX,,16570,,U番   ,,,,落札,"      730,000",,,,,,,,  不成立,,,,,,,
東京エムジー時計,2024-02-28,,349,4,ー,時計,SS,ROLEX,,16570,,A番   ,,,,      不成立,      不成立,      不成立,,,,,,,,,,,,,,
東京エムジー時計,2024-02-28,,349,5,ー,時計,SS,ROLEX,,16520,,U番 保  ,,,,      不成立,      不成立,      不成立,,,,,,,,  不成立,,,,,,,
東京エムジー時計,2024-02-28,,349,6,ー,時計,SS,ROLEX,,116520,,Y番 保  ,,,,落札,"      2,500,000",,,,,,,,  不成立,,,,,,,
東京エムジー時計,2024-02-28,,349,7,ー,時計,YG,ROLEX,,69178,,N番   ,,,,落札,"      900,000",,,,,,,,,,,,,,
東京エムジー時計,2024-02-28,,349,8,ー,時計,SY,ROLEX,,69173,,U番 箱 保 国サ保 コマ  ,,,,落札,"      363,000",,,,,,,,,,,,,,
東京エムジー時計,2024-02-28,,349,10,ー,時計,SW,ROLEX,,69174,,R番 国サ保 コマ  ,,,,落札,"      331,000",,,,,,,,,,,,,,
東京エムジー時計,2024-02-28,,350,1,ー,時計,SS,ROLEX,,5500,,28番   ,,,,落札,"      264,000",,,,,,,,,,,,,,
東京エムジー時計,2024-02-28,,350,2,ー,時計,WG,ROLEX,,6719,,33番   ,,,,落札,"      111,000",,,,,,,,,,,,,,
東京エムジー時計,2024-02-28,,350,4,ー,時計,SS,ROLEX,,14010,,Y番 コマ  ,,,,落札,"      378,000",,,,,,,,,,,,,,
東京エムジー時計,2024-02-28,,350,5,ー,時計,SS,ROLEX,,76080,,P番 保  ,,,,      不成立,      不成立,      不成立,,,,,,,,,,,,,,
東京エムジー時計,2024-02-28,,350,6,ー,時計,SY,ROLEX,,16233,,F番 コマ  ,,,,落札,"      518,000",,,,,,,,  不成立,,,,,,,
東京エムジー時計,2024-02-28,,350,7,ー,時計,SW,ROLEX,,6694,,57番   ,,,,落札,"      230,000",,,,,,,,,,,,,,
東京エムジー時計,2024-02-28,,351,4,ー,時計,SW,ROLEX,,179174,,保 コマ1,,,,落札,"      780,000",,,,,,,,,,,,,,
東京エムジー時計,2024-02-28,,351,5,ー,時計,SY,ROLEX,,16233,,X番 保 コマ2  ,,,,落札,"      705,000",,,,,,,,,,,,,,
東京エムジー時計,2024-02-28,,351,6,ー,時計,SY,ROLEX,,16233,,,,,,落札,"      700,000",,,,,,,,,,,,,,
東京エムジー時計,2024-02-28,,351,7,ー,時計,SW,ROLEX,,16264,,保,,,,落札,"      662,000",,,,,,,,,,,,,,
東京エムジー時計,2024-02-28,,352,4,ー,時計,SS,ROLEX,,69240,,Ｗ番   ,,,,落札,"      308,000",,,,,,,,,,,,,,
東京エムジー時計,2024-02-28,,353,10,ー,時計,SR,ROLEX,,1601,,,,,,落札,"      304,000",,,,,,,,,,,,,,
東京エムジー時計,2024-02-28,,356,6,ー,時計,SS,ROLEX,,124270,,ランダム番 箱 保  ,,,,落札,"      955,000",,,,,,,,,,,,,,
東京エムジー時計,2024-02-28,,357,1,ー,時計,WG,ROLEX,,116509,,Z番 箱 保 コマ 国サ保  ,,,,      不成立,      不成立,      不成立,,,,,,,,,,,,,,
東京エムジー時計,2024-02-28,,357,2,ー,時計,SS,ROLEX,,116520,,ランダム番 コマ  ,,,,落札,"      2,320,000",,,,,,,,  不成立,,,,,,,
東京エムジー時計,2024-02-28,,357,3,ー,時計,SS,ROLEX,,224270,,ランダム番 保 コマ  ,,,,落札,"      1,150,000",,,,,,,,,,,,,,
東京エムジー時計,2024-02-28,,357,4,ー,時計,SS,ROLEX,,116400,,G番 保 コマ  ,,,,落札,"      1,120,000",,,,,,,,,,,,,,
東京エムジー時計,2024-02-28,,357,5,ー,時計,SW,ROLEX,,1024,,15番   ,,,,落札,"      237,000",,,,,,,,,,,,,,
東京エムジー時計,2024-02-28,,361,1,ー,時計,SS,ROLEX,,126300,,保(2023/7),,,,落札,"      1,330,000",,,,,,,,,,,,,,
東京エムジー時計,2024-02-28,,362,2,ー,時計,SS,ROLEX,,14000,,Y番 保  ,,,,落札,"      509,000",,,,,,,,,,,,,,
東京エムジー時計,2024-02-28,,362,3,ー,時計,SY,ROLEX,,16613,,X番   ,,,,      不成立,      不成立,      不成立,,,,,,,,,,,,,,
東京エムジー時計,2024-02-28,,363,2,ー,時計,SY,ROLEX,,116333,,箱 保,,,,落札,"      1,500,000",,,,,,,,  不成立,,,,,,,
東京エムジー時計,2024-02-28,,364,1,ー,時計,SY,ROLEX,,16523,,,,,,落札,"      1,920,000",,,,,,,,,,,,,,
東京エムジー時計,2024-02-28,,370,5,ー,時計,SS,ROLEX,,1500,,,,,,落札,"      320,000",,,,,,,,,,,,,,
東京エムジー時計,2024-02-28,,371,2,ー,時計,SS,ROLEX,,14010,,ケース,,,,落札,"      443,000",,,,,,,,,,,,,,
東京エムジー時計,2024-02-28,,371,6,ー,時計,YG,ROLEX,,69178,,,,,,落札,"      775,000",,,,,,,,,,,,,,
東京エムジー時計,2024-02-28,,371,7,ー,時計,SW,ROLEX,,69174,,,,,,      不成立,      不成立,      不成立,,,,,,,,,,,,,,
東京エムジー時計,2024-02-28,,371,8,ー,時計,SS,ROLEX,,1500,,,,,,落札,"      257,000",,,,,,,,  不成立,,,,,,,
東京エムジー時計,2024-02-28,,371,10,ー,時計,SR,ROLEX,,1601,,,,,,落札,"      380,000",,,,,,,,,,,,,,
東京エムジー時計,2024-02-28,,375,1,ー,時計,YG,ROLEX,,4318,,4番   ,,,,      不成立,      不成立,      不成立,,,,,,,,,,,,,,
東京エムジー時計,2024-02-28,,375,2,ー,時計,その他,ROLEX,,6517,,2番   ,,,,落札,"      260,000",,,,,,,,  不成立,,,,,,,
東京エムジー時計,2024-02-28,,375,3,ー,時計,SY,ROLEX,,68173,,R番 保  ,,,,落札,"      598,000",,,,,,,,,,,,,,
東京エムジー時計,2024-02-28,,375,4,ー,時計,YG,ROLEX,,6618,,2番   ,,,,      不成立,      不成立,      不成立,,,,,,,,,,,,,,
東京エムジー時計,2024-02-28,,376,1,ー,時計,SS,ROLEX,,16220,,S番   ,,,,落札,"      540,000",,,,,,,,  不成立,,,,,,,
東京エムジー時計,2024-02-28,,377,5,ー,時計,SS,ROLEX,,16520,,A番 コマデイトナ   ,,,,      不成立,      不成立,      不成立,,,,,,,,,,,,,,
東京エムジー時計,2024-02-28,,377,6,ー,時計,SW,ROLEX,,179174,,Z番 箱・保デイトジャスト   ,,,,落札,"      656,000",,,,,,,,  不成立,,,,,,,
東京エムジー時計,2024-02-28,,377,8,ー,時計,SW,ROLEX,,16234,,W番 箱・保デイトジャスト   ,,,,落札,"      639,000",,,,,,,,,,,,,,
東京エムジー時計,2024-02-28,,378,2,ー,時計,SW,ROLEX,,1024,,2番 オイスターパーペチュアル   ,,,,      不成立,      不成立,      不成立,,,,,,,,,,,,,,
東京エムジー時計,2024-02-28,,381,1,ー,時計,SS,ROLEX,,116660,,G番 OH証  ,,,,落札,"      1,120,000",,,,,,,,  不成立,,,,,,,
東京エムジー時計,2024-02-28,,381,2,ー,時計,SW,ROLEX,,16234,,E番   ,,,,落札,"      618,000",,,,,,,,,,,,,,
東京エムジー時計,2024-02-28,,381,3,ー,時計,SS,ROLEX,,1500,,93番   ,,,,落札,"      240,000",,,,,,,,,,,,,,
東京エムジー時計,2024-02-28,,381,4,ー,時計,その他,ROLEX,,6517,,10番 　リューズ抜ける  ,,,,落札,"      126,000",,,,,,,,,,,,,,
東京エムジー時計,2024-02-28,,381,5,ー,時計,SY,ROLEX,,1603,,37番 保  ,,,,落札,"      378,000",,,,,,,,,,,,,,
東京エムジー時計,2024-02-28,,382,1,ー,時計,その他,ROLEX,,6917,,73番 　現状  ,,,,落札,"      655,000",,,,,,,,,,,,,,
