東京エムジー時計,,1,2,ー,時計,ROLEX,SW,,,116234,,D番 箱 保 1コマデイトジャスト     ,,,,落札,"        805,000",,,,,,,,,,,,,
東京エムジー時計,,1,3,ー,時計,ROLEX,SY,,,279173,,N番 箱 4コマデイトジャスト     ,,,,落札,"        994,000",,,,,,,,,,,,,
東京エムジー時計,,1,4,ー,時計,ROLEX,SS,,,116400,,V番 箱 保 1コマミルガウス 　ローター緩み    ,,,,落札,"        865,000",,,,,,,,,,,,,
東京エムジー時計,,1,5,ー,時計,ROLEX,SS,,,16570,,M番 箱 保 2コマエクスプローラーⅡ     ,,,,落札,"        847,000",,,,,,,,,,,,,
東京エムジー時計,,1,6,ー,時計,ROLEX,SS,,,14060,,D番 箱 保 1コマサブマリーナー 　ＦＦぱかぱか    ,,,,        不成立,        不成立,        不成立,,,,,,,,,,,,,
東京エムジー時計,,1,7,ー,時計,ROLEX,SS,,,16610,,X番 箱 保 サ保 1コマサブマリーナー     ,,,,落札,"        800,000",,,,,,,    不成立,,,,,,,
東京エムジー時計,,1,8,ー,時計,ROLEX,SS,,,116610,,G番 箱 保 2コマサブマリーナー     ,,,,落札,"        1,330,000",,,,,,,,,,,,,
東京エムジー時計,,1,9,ー,時計,ROLEX,SY,,,16233,,X番 デイトジャスト     ,,,,落札,"        640,000",,,,,,,,,,,,,
東京エムジー時計,,1,10,ー,時計,ROLEX,SS,,,14010,,U番 箱 保 1コマエアキング     ,,,,落札,"        483,000",,,,,,,,,,,,,
東京エムジー時計,,2,1,ー,時計,ROLEX,SW,,,79174,,K番 箱 保 5コマデイトジャスト     ,,,,落札,"        500,000",,,,,,,,,,,,,
東京エムジー時計,,2,2,ー,時計,ROLEX,SR,,,1601,,5番 ケース枕無デイトジャスト     ,,,,落札,"        435,000",,,,,,,,,,,,,
東京エムジー時計,,2,3,ー,時計,ROLEX,SW,,,16234,,T番 箱 保 2コマデイトジャスト     ,,,,落札,"        700,000",,,,,,,,,,,,,
東京エムジー時計,,2,4,ー,時計,ROLEX,SY,,,16233,,W番 箱 保 サ保デイトジャスト     ,,,,落札,"        670,000",,,,,,,,,,,,,
東京エムジー時計,,2,5,ー,時計,ROLEX,SY,,,16233,,Y番 箱 保デイトジャスト     ,,,,落札,"        785,000",,,,,,,,,,,,,
東京エムジー時計,,2,6,ー,時計,ROLEX,SS,,,116200,,Z番 箱 保 2コマデイトジャスト     ,,,,落札,"        750,000",,,,,,,,,,,,,
東京エムジー時計,,2,7,ー,時計,ROLEX,SS,,,14270,,A番 箱 保 1コマエクスプローラーⅠ 　巻上若干重    ,,,,落札,"        580,000",,,,,,,,,,,,,
東京エムジー時計,,2,8,ー,時計,ROLEX,SS,,,16570,,Y番 箱 保エクスプローラーⅡ     ,,,,落札,"        756,000",,,,,,,,,,,,,
東京エムジー時計,,2,9,ー,時計,ROLEX,SS,,,16570,,P番 箱（ケース欠） 保エクスプローラーⅡ     ,,,,落札,"        830,000",,,,,,,,,,,,,
東京エムジー時計,,3,1,ー,時計,ROLEX,SS,,,67180,,A番 箱 1コマオイスターパーペチュアルデイト 　リューズ不良    ,,,,落札,"        190,000",,,,,,,,,,,,,
東京エムジー時計,,3,2,ー,時計,ROLEX,SS,,,76030,,A番 箱 保 2コマオイスターパーペチュアル     ,,,,落札,"        246,000",,,,,,,,,,,,,
東京エムジー時計,,3,3,ー,時計,ROLEX,SW,,,69174,,U番 箱 4コマデイトジャスト 　カレ遅    ,,,,落札,"        340,000",,,,,,,,,,,,,
東京エムジー時計,,3,4,ー,時計,ROLEX,SS,,,77080,,A番 箱 保 2コマオイスターパーペチュアル 　シリアル一部削れ    ,,,,落札,"        404,000",,,,,,,,,,,,,
東京エムジー時計,,3,5,ー,時計,ROLEX,SS,,,67480,,U番 箱 保 2コマオイスターパーペチュアル     ,,,,落札,"        369,000",,,,,,,,,,,,,
東京エムジー時計,,3,6,ー,時計,ROLEX,SS,,,78240,,K番 箱 保 3コマデイトジャスト     ,,,,落札,"        520,000",,,,,,,,,,,,,
東京エムジー時計,,3,7,ー,時計,ROLEX,SS,,,15200,,L番 箱オイスターパーペチュアルデイト     ,,,,落札,"        390,000",,,,,,,,,,,,,
東京エムジー時計,,3,8,ー,時計,ROLEX,SS,,,14000,,Z番 箱 保 2コマエアキング     ,,,,落札,"        509,000",,,,,,,,,,,,,
東京エムジー時計,,3,9,ー,時計,ROLEX,SW,,,16234,,E番 箱 保 2コマデイトジャスト     ,,,,落札,"        680,000",,,,,,,,,,,,,
東京エムジー時計,,3,10,ー,時計,ROLEX,SW,,,16234,,Y番 ケース 保 5コマデイトジャスト     ,,,,落札,"        686,000",,,,,,,,,,,,,
東京エムジー時計,,4,1,ー,時計,ROLEX,SS,,,14060,,箱 保 1コマ,,,,落札,"        1,050,000",,,,,,,,,,,,,
東京エムジー時計,,4,2,ー,時計,ROLEX,SS,,,16610,,Y番 箱 保 2コマサブマリーナー ベゼル不良  ,,,,落札,"        928,000",,,,,,,,,,,,,
東京エムジー時計,,4,3,ー,時計,ROLEX,SS,,,16800,,9番 箱 保 1コマサブマリーナー   ,,,,落札,"        918,000",,,,,,,,,,,,,
東京エムジー時計,,4,4,ー,時計,ROLEX,SS,,,116610,,箱 保 2コマ,,,,落札,"        1,350,000",,,,,,,,,,,,,
東京エムジー時計,,4,5,ー,時計,ROLEX,SY,,,16613,,P番 箱 保 1コマ 錨サブマリーナー   ,,,,落札,"        1,450,000",,,,,,,,,,,,,
東京エムジー時計,,4,6,ー,時計,ROLEX,SY,,,116613,,V番 保 1コマ ケースサブマリーナー   ,,,,落札,"        1,650,000",,,,,,,,,,,,,
東京エムジー時計,,4,8,ー,時計,ROLEX,SS,,,126660,,箱 保（2022/4）2コマ,,,,落札,"        1,750,000",,,,,,,,,,,,,
東京エムジー時計,,4,9,ー,時計,ROLEX,SS,,,116520,,V番 箱 保 1コマデイトナ   ,,,,落札,"        2,510,000",,,,,,,,,,,,,
東京エムジー時計,,4,10,ー,時計,ROLEX,PT,,,118346,,K番 保  ケースデイデイト   ,,,,落札,"        6,000,000",,,,,,,,,,,,,
東京エムジー時計,,5,3,ー,時計,ROLEX,RG,,,118135,,,,,,落札,"        1,900,000",,,,,,,,,,,,,
東京エムジー時計,,5,6,ー,時計,ROLEX,SY,,,1503,,3番 保オイスターパーペチュアルデイト  文字盤見た目  ,,,,落札,"        650,000",,,,,,,,,,,,,
東京エムジー時計,,5,7,ー,時計,ROLEX,YG,,,69178,,L番 デイトジャスト  カレ遅  ,,,,        不成立,        不成立,        不成立,,,,,,,,,,,,,
東京エムジー時計,,12,1,ー,時計,ROLEX,SY,,,116503,,ランダム番 保17　  ,,,,        不成立,        不成立,        不成立,,,,,,,    不成立,,,,,,,
東京エムジー時計,,12,2,ー,時計,ROLEX,SY,,,16523,,A番 保　  ,,,,        不成立,        不成立,        不成立,,,,,,,    不成立,,,,,,,
東京エムジー時計,,12,3,ー,時計,ROLEX,SY,,,16523,,W番 保　  ,,,,        不成立,        不成立,        不成立,,,,,,,    不成立,,,,,,,
東京エムジー時計,,12,4,ー,時計,ROLEX,YG,,,18238,,W番 　ﾌﾞﾚｽ一部打痕  ,,,,落札,"        1,560,000",,,,,,,    不成立,,,,,,,
東京エムジー時計,,12,5,ー,時計,ROLEX,YG,,,18238,,W番 保　  ,,,,落札,"        2,240,000",,,,,,,,,,,,,
東京エムジー時計,,4,3,ー,時計,ROLEX,SS,,,16800,,9番 箱 保 1コマサブマリーナー   ,,,,落札,"        918,000",,,,,,,,,,,,,
東京エムジー時計,,4,4,ー,時計,ROLEX,SS,,,116610,,箱 保 2コマ,,,,落札,"        1,350,000",,,,,,,,,,,,,
東京エムジー時計,,4,5,ー,時計,ROLEX,SY,,,16613,,P番 箱 保 1コマ 錨サブマリーナー   ,,,,落札,"        1,450,000",,,,,,,,,,,,,
東京エムジー時計,,4,6,ー,時計,ROLEX,SY,,,116613,,V番 保 1コマ ケースサブマリーナー   ,,,,落札,"        1,650,000",,,,,,,,,,,,,
東京エムジー時計,,4,8,ー,時計,ROLEX,SS,,,126660,,箱 保（2022/4）2コマ,,,,落札,"        1,750,000",,,,,,,,,,,,,
東京エムジー時計,,4,9,ー,時計,ROLEX,SS,,,116520,,V番 箱 保 1コマデイトナ   ,,,,落札,"        2,510,000",,,,,,,,,,,,,
東京エムジー時計,,4,10,ー,時計,ROLEX,PT,,,118346,,K番 保  ケースデイデイト   ,,,,落札,"        6,000,000",,,,,,,,,,,,,
東京エムジー時計,,5,3,ー,時計,ROLEX,RG,,,118135,,,,,,落札,"        1,900,000",,,,,,,,,,,,,
東京エムジー時計,,5,6,ー,時計,ROLEX,SY,,,1503,,3番 保オイスターパーペチュアルデイト  文字盤見た目  ,,,,落札,"        650,000",,,,,,,,,,,,,
東京エムジー時計,,5,7,ー,時計,ROLEX,YG,,,69178,,L番 デイトジャスト  カレ遅  ,,,,        不成立,        不成立,        不成立,,,,,,,,,,,,,
東京エムジー時計,,12,1,ー,時計,ROLEX,SY,,,116503,,ランダム番 保17　  ,,,,        不成立,        不成立,        不成立,,,,,,,    不成立,,,,,,,
東京エムジー時計,,12,2,ー,時計,ROLEX,SY,,,16523,,A番 保　  ,,,,        不成立,        不成立,        不成立,,,,,,,    不成立,,,,,,,
東京エムジー時計,,12,3,ー,時計,ROLEX,SY,,,16523,,W番 保　  ,,,,        不成立,        不成立,        不成立,,,,,,,    不成立,,,,,,,
東京エムジー時計,,12,4,ー,時計,ROLEX,YG,,,18238,,W番 　ﾌﾞﾚｽ一部打痕  ,,,,落札,"        1,560,000",,,,,,,    不成立,,,,,,,
東京エムジー時計,,12,5,ー,時計,ROLEX,YG,,,18238,,W番 保　  ,,,,落札,"        2,240,000",,,,,,,,,,,,,
東京エムジー時計,,13,3,ー,時計,ROLEX,SS,,,78350,,,,,,落札,"        65,000",,,,,,,,,,,,,
東京エムジー時計,,13,4,ー,時計,ROLEX,SY,,,16233,,L番 　不動・針回し不良  ,,,,        不成立,        不成立,        不成立,,,,,,,,,,,,,
東京エムジー時計,,13,5,ー,時計,ROLEX,SY,,,16233,,E番 　  ,,,,        不成立,        不成立,        不成立,,,,,,,    不成立,,,,,,,
東京エムジー時計,,13,6,ー,時計,ROLEX,SY,,,16233,,Ｓ番 　  ,,,,落札,"        560,000",,,,,,,    不成立,,,,,,,
東京エムジー時計,,13,7,ー,時計,ROLEX,SW,,,16234,,L番 　不動・針回し不良  ,,,,        不成立,        不成立,        不成立,,,,,,,,,,,,,
東京エムジー時計,,13,8,ー,時計,ROLEX,SW,,,16234,,L番 保　  ,,,,落札,"        711,000",,,,,,,    不成立,,,,,,,
東京エムジー時計,,13,9,ー,時計,ROLEX,SS,,,114270,,F番 保　  ,,,,        不成立,        不成立,        不成立,,,,,,,,,,,,,
東京エムジー時計,,14,1,ー,時計,ROLEX,SS,,,116610,,ランダム番 保19　  ,,,,        不成立,        不成立,        不成立,,,,,,,    不成立,,,,,,,
東京エムジー時計,,14,2,ー,時計,ROLEX,SS,,,116610,,ランダム番 保18　  ,,,,落札,"        1,390,000",,,,,,,    不成立,,,,,,,
東京エムジー時計,,14,3,ー,時計,ROLEX,SY,,,116523,,M番 　  ,,,,落札,"        1,790,000",,,,,,,,,,,,,
東京エムジー時計,,14,4,ー,時計,ROLEX,SY,,,116233,,F番 保　  ,,,,落札,"        1,060,000",,,,,,,,,,,,,
東京エムジー時計,,14,5,ー,時計,ROLEX,SY,,,126603,,ランダム番 　  ,,,,落札,"        1,750,000",,,,,,,,,,,,,
東京エムジー時計,,14,6,ー,時計,ROLEX,SS,,,116710,,Ｚ番 　  ,,,,落札,"        1,290,000",,,,,,,,,,,,,
東京エムジー時計,,14,7,ー,時計,ROLEX,SW,,,179174,,ランダム番 　  ,,,,落札,"        619,000",,,,,,,,,,,,,
東京エムジー時計,,14,8,ー,時計,ROLEX,SS,,,126300,,ランダム番 保19　  ,,,,落札,"        1,220,000",,,,,,,,,,,,,
東京エムジー時計,,14,9,ー,時計,ROLEX,SS,,,114270,,Ｚ番 保ｶｰﾄﾞ　  ,,,,落札,"        660,000",,,,,,,,,,,,,
東京エムジー時計,,14,10,ー,時計,ROLEX,SW,,,179174,,Ｚ番 保ｶｰﾄﾞ 国ｻ保　  ,,,,落札,"        660,000",,,,,,,,,,,,,
東京エムジー時計,,15,1,ー,時計,ROLEX,SS,,,124200,,ランダム番 　  ,,,,落札,"        585,000",,,,,,,,,,,,,
東京エムジー時計,,15,2,ー,時計,ROLEX,SS,,,114270,,Y番 　  ,,,,        不成立,        不成立,        不成立,,,,,,,,,,,,,
東京エムジー時計,,15,3,ー,時計,ROLEX,SW,,,179174,,Ｚ番 　  ,,,,落札,"        560,000",,,,,,,    不成立,,,,,,,
東京エムジー時計,,15,4,ー,時計,ROLEX,SW,,,116234,,V番 　  ,,,,落札,"        925,000",,,,,,,,,,,,,
東京エムジー時計,,15,5,ー,時計,ROLEX,SW,,,115234,,ランダム番 保21　  ,,,,落札,"        760,000",,,,,,,,,,,,,
東京エムジー時計,,15,6,ー,時計,ROLEX,SW,,,116234,,V番 保ｶｰﾄﾞ　  ,,,,落札,"        1,250,000",,,,,,,,,,,,,
東京エムジー時計,,15,7,ー,時計,ROLEX,,,,268622,,ランダム番 保22　  ,,,,落札,"        1,510,000",,,,,,,,,,,,,
東京エムジー時計,,15,8,ー,時計,ROLEX,SS,,,124060,,ランダム番 保21　  ,,,,落札,"        1,440,000",,,,,,,,,,,,,
東京エムジー時計,,15,9,ー,時計,ROLEX,SS,,,226570,,ランダム番 保21　  ,,,,落札,"        1,240,000",,,,,,,,,,,,,
東京エムジー時計,,15,10,ー,時計,ROLEX,SS,,,214270,,ランダム番 保16　  ,,,,落札,"        800,000",,,,,,,,,,,,,
東京エムジー時計,,16,1,ー,時計,ROLEX,,,,16622,,M番 　  ,,,,落札,"        910,000",,,,,,,,,,,,,
東京エムジー時計,,16,2,ー,時計,ROLEX,SY,,,16613,,Ｓ番 　  ,,,,落札,"        1,040,000",,,,,,,,,,,,,
東京エムジー時計,,16,3,ー,時計,ROLEX,SS,,,16610,,A番 保　  ,,,,        不成立,        不成立,        不成立,,,,,,,,,,,,,
東京エムジー時計,,16,4,ー,時計,ROLEX,SS,,,16610,,Ｗ番 保 国ｻ保　  ,,,,落札,"        1,045,000",,,,,,,    不成立,,,,,,,
東京エムジー時計,,16,5,ー,時計,ROLEX,SS,,,16700,,A番 保　  ,,,,        不成立,        不成立,        不成立,,,,,,,,,,,,,
東京エムジー時計,,16,6,ー,時計,ROLEX,SY,,,16233,,T番 　  ,,,,落札,"        615,000",,,,,,,    不成立,,,,,,,
東京エムジー時計,,16,7,ー,時計,ROLEX,SY,,,16233,,R番 　  ,,,,落札,"        595,000",,,,,,,,,,,,,
東京エムジー時計,,16,8,ー,時計,ROLEX,SY,,,16233,,Ｗ番 　  ,,,,落札,"        596,000",,,,,,,,,,,,,
東京エムジー時計,,16,9,ー,時計,ROLEX,SY,,,16233,,T番 　  ,,,,落札,"        491,000",,,,,,,,,,,,,
東京エムジー時計,,16,10,ー,時計,ROLEX,SY,,,16233,,E番 国ｻ保　  ,,,,落札,"        540,000",,,,,,,,,,,,,
東京エムジー時計,,17,1,ー,時計,ROLEX,SY,,,116503,,ランダム番 保  ,,,,落札,"        2,480,000",,,,,,,,,,,,,
東京エムジー時計,,17,2,ー,時計,ROLEX,,,,126622,,ランダム番 保  ,,,,落札,"        1,640,000",,,,,,,,,,,,,
東京エムジー時計,,17,3,ー,時計,ROLEX,SW,,,126234,,ランダム番 保 コマ  ,,,,落札,"        1,410,000",,,,,,,,,,,,,
東京エムジー時計,,17,4,ー,時計,ROLEX,SS,,,16610,,N番   ,,,,落札,"        780,000",,,,,,,,,,,,,
東京エムジー時計,,17,5,ー,時計,ROLEX,SW,,,116234,,M番 保  ,,,,落札,"        970,000",,,,,,,,,,,,,
東京エムジー時計,,17,6,ー,時計,ROLEX,SY,,,68273,,L番   ,,,,落札,"        538,000",,,,,,,,,,,,,
東京エムジー時計,,17,7,ー,時計,ROLEX,SR,,,1601,,2番   ,,,,落札,"        356,000",,,,,,,,,,,,,
東京エムジー時計,,17,8,ー,時計,ROLEX,SS,,,14000,,T番   ,,,,落札,"        330,000",,,,,,,,,,,,,
東京エムジー時計,,17,9,ー,時計,ROLEX,YG,,,69178,,E番   ,,,,落札,"        870,000",,,,,,,,,,,,,
東京エムジー時計,,17,10,ー,時計,ROLEX,SS,,,1500,,2番   ,,,,落札,"        531,000",,,,,,,,,,,,,
東京エムジー時計,,18,1,ー,時計,ROLEX,SS,,,126710,,ランダム番 保  ,,,,落札,"        2,150,000",,,,,,,,,,,,,
東京エムジー時計,,18,2,ー,時計,ROLEX,SS,,,116610,,G番   ,,,,落札,"        2,100,000",,,,,,,,,,,,,
東京エムジー時計,,18,3,ー,時計,ROLEX,,,,126622,,K番 保 コマ  ,,,,落札,"        1,800,000",,,,,,,,,,,,,
東京エムジー時計,,18,4,ー,時計,ROLEX,SS,,,116660,,G番 保 コマ  ,,,,落札,"        1,090,000",,,,,,,,,,,,,
東京エムジー時計,,18,5,ー,時計,ROLEX,SY,,,279173,,ランダム番 保 コマ2  ,,,,落札,"        1,080,000",,,,,,,,,,,,,
東京エムジー時計,,18,6,ー,時計,ROLEX,SS,,,14060,,A番   ,,,,落札,"        826,000",,,,,,,,,,,,,
東京エムジー時計,,18,7,ー,時計,ROLEX,SW,,,16234,,E番 コマ3  ,,,,落札,"        550,000",,,,,,,,,,,,,
東京エムジー時計,,18,8,ー,時計,ROLEX,SW,,,79174,,F番 保 コマ3  ,,,,落札,"        354,000",,,,,,,,,,,,,
東京エムジー時計,,18,9,ー,時計,ROLEX,SY,,,69173,,R番   ,,,,落札,"        350,000",,,,,,,,,,,,,
東京エムジー時計,,21,1,ー,時計,ROLEX,SR,,,126231,,ランダム番 保 コマ　取扱注意  ,,,,落札,"        1,885,000",,,,,,,,,,,,,
東京エムジー時計,,21,2,ー,時計,ROLEX,SY,,,16613,,X番 コマ  ,,,,落札,"        990,000",,,,,,,,,,,,,
東京エムジー時計,,23,1,ー,時計,ROLEX,SY,,,16013,,,,,,落札,"        520,000",,,,,,,,,,,,,
東京エムジー時計,,24,1,ー,時計,ROLEX,YG,,,69178,,R番 ｹｰｽ 取説 修明(2016年) 枕　旧ﾀﾞｲﾔ  ,,,,        不成立,        不成立,        不成立,,,,,,,,,,,,,
東京エムジー時計,,24,2,ー,時計,ROLEX,,,,,,ｹｰｽ,,,,        不成立,        不成立,        不成立,,,,,,,    不成立,,,,,,,
東京エムジー時計,,25,8,ー,時計,ROLEX,その他,,,6917,,71番 台  ,,,,落札,"        619,000",,,,,,,    不成立,,,,,,,
東京エムジー時計,,25,9,ー,時計,ROLEX,YG,,,18238,,X番   ,,,,落札,"        1,940,000",,,,,,,,,,,,,
東京エムジー時計,,25,10,ー,時計,ROLEX,SS,,,214270,,保,,,,落札,"        810,000",,,,,,,,,,,,,
東京エムジー時計,,26,1,ー,時計,ROLEX,SY,,,16233,,T番 　  ,,,,        不成立,        不成立,        不成立,,,,,,,,,,,,,
東京エムジー時計,,26,2,ー,時計,ROLEX,SY,,,16233,,E番 　  ,,,,        不成立,        不成立,        不成立,,,,,,,    不成立,,,,,,,
東京エムジー時計,,26,3,ー,時計,ROLEX,SY,,,16233,,Ｗ番 保　  ,,,,落札,"        633,000",,,,,,,    不成立,,,,,,,
東京エムジー時計,,26,4,ー,時計,ROLEX,SY,,,16233,,E番 　  ,,,,落札,"        545,000",,,,,,,,,,,,,
東京エムジー時計,,26,5,ー,時計,ROLEX,SY,,,16013,,96番 　  ,,,,落札,"        511,000",,,,,,,,,,,,,
東京エムジー時計,,26,6,ー,時計,ROLEX,SS,,,16610,,L番 保　  ,,,,        不成立,        不成立,        不成立,,,,,,,,,,,,,
東京エムジー時計,,26,7,ー,時計,ROLEX,SS,,,16600,,T番 　  ,,,,落札,"        790,000",,,,,,,    不成立,,,,,,,
東京エムジー時計,,26,8,ー,時計,ROLEX,SY,,,16713,,X番 保(1994/8) 国ｻ保　スティック  ,,,,        不成立,        不成立,        不成立,,,,,,,,,,,,,
東京エムジー時計,,26,9,ー,時計,ROLEX,SS,,,16710,,Ｓ番 保 替ﾍﾞﾙﾄ 国ｻ保　  ,,,,落札,"        1,400,000",,,,,,,    不成立,,,,,,,
東京エムジー時計,,26,10,ー,時計,ROLEX,SY,,,16613,,A番 保　  ,,,,        不成立,        不成立,        不成立,,,,,,,,,,,,,
東京エムジー時計,,27,1,ー,時計,ROLEX,SY,,,16233,,Ｗ番 　  ,,,,        不成立,        不成立,        不成立,,,,,,,    不成立,,,,,,,
東京エムジー時計,,27,2,ー,時計,ROLEX,SY,,,16233,,X番 ﾘｭｰｽﾞ　  ,,,,落札,"        530,000",,,,,,,    不成立,,,,,,,
東京エムジー時計,,27,3,ー,時計,ROLEX,SY,,,16233,,R番 　  ,,,,        不成立,        不成立,        不成立,,,,,,,,,,,,,
東京エムジー時計,,27,4,ー,時計,ROLEX,SY,,,16233,,C番 保　  ,,,,落札,"        650,000",,,,,,,    不成立,,,,,,,
東京エムジー時計,,27,5,ー,時計,ROLEX,SY,,,16233,,T番 　  ,,,,落札,"        540,000",,,,,,,,,,,,,
東京エムジー時計,,27,6,ー,時計,ROLEX,SW,,,16014,,58番 国ｻ保　  ,,,,        不成立,        不成立,        不成立,,,,,,,,,,,,,
東京エムジー時計,,27,7,ー,時計,ROLEX,SW,,,16234,,Ｗ番 　  ,,,,落札,"        570,000",,,,,,,    不成立,,,,,,,
東京エムジー時計,,27,8,ー,時計,ROLEX,SS,,,16610,,保 国ｻ保,,,,        不成立,        不成立,        不成立,,,,,,,,,,,,,
東京エムジー時計,,27,9,ー,時計,ROLEX,SS,,,16610,,Ｋ番 　  ,,,,        不成立,        不成立,        不成立,,,,,,,    不成立,,,,,,,
東京エムジー時計,,27,10,ー,時計,ROLEX,SS,,,14060,,Z番 保ｶｰﾄﾞ　  ,,,,落札,"        1,050,000",,,,,,,    不成立,,,,,,,
東京エムジー時計,,28,1,ー,時計,ROLEX,SW,,,16014,,83番 　  ,,,,落札,"        428,000",,,,,,,,,,,,,
東京エムジー時計,,28,2,ー,時計,ROLEX,SW,,,16234,,Ｓ番 保　  ,,,,落札,"        700,000",,,,,,,,,,,,,
東京エムジー時計,,28,3,ー,時計,ROLEX,SY,,,16233,,Ｗ番 　  ,,,,        不成立,        不成立,        不成立,,,,,,,,,,,,,
東京エムジー時計,,28,4,ー,時計,ROLEX,SY,,,16233,,T番 保　  ,,,,        不成立,        不成立,        不成立,,,,,,,    不成立,,,,,,,
東京エムジー時計,,28,5,ー,時計,ROLEX,SY,,,16233,,E番 修明　  ,,,,落札,"        545,000",,,,,,,    不成立,,,,,,,
東京エムジー時計,,28,6,ー,時計,ROLEX,SS,,,14270,,A番 保　  ,,,,        不成立,        不成立,        不成立,,,,,,,,,,,,,
東京エムジー時計,,28,7,ー,時計,ROLEX,SS,,,14060,,U番 　  ,,,,        不成立,        不成立,        不成立,,,,,,,    不成立,,,,,,,
東京エムジー時計,,28,8,ー,時計,ROLEX,SS,,,14060,,Ｋ番 保　  ,,,,        不成立,        不成立,        不成立,,,,,,,    不成立,,,,,,,
東京エムジー時計,,28,9,ー,時計,ROLEX,SS,,,16610,,X番 　  ,,,,落札,"        826,000",,,,,,,    不成立,,,,,,,
東京エムジー時計,,28,10,ー,時計,ROLEX,SS,,,16610,,Ｓ番 保 修明 替ﾍﾞｾﾞﾙ　  ,,,,        不成立,        不成立,        不成立,,,,,,,,,,,,,
東京エムジー時計,,29,1,ー,時計,ROLEX,SS,,,14000,,Ｓ番 保　  ,,,,落札,"        470,000",,,,,,,    不成立,,,,,,,
東京エムジー時計,,29,2,ー,時計,ROLEX,SW,,,16234,,X番 国ｻ保　  ,,,,落札,"        506,000",,,,,,,,,,,,,
東京エムジー時計,,29,3,ー,時計,ROLEX,SS,,,16220,,X番 　  ,,,,        不成立,        不成立,        不成立,,,,,,,,,,,,,
東京エムジー時計,,29,4,ー,時計,ROLEX,SS,,,16220,,Ｓ番 　ノンポリ  ,,,,落札,"        530,000",,,,,,,    不成立,,,,,,,
東京エムジー時計,,29,5,ー,時計,ROLEX,SW,,,16234,,R番 保　  ,,,,落札,"        690,000",,,,,,,,,,,,,
東京エムジー時計,,29,6,ー,時計,ROLEX,SS,,,14000,,Ｋ番 保　  ,,,,落札,"        500,000",,,,,,,,,,,,,
東京エムジー時計,,29,7,ー,時計,ROLEX,SS,,,14000,,A番 　  ,,,,落札,"        369,000",,,,,,,,,,,,,
東京エムジー時計,,29,8,ー,時計,ROLEX,SS,,,16200,,A番 　  ,,,,落札,"        580,000",,,,,,,,,,,,,
東京エムジー時計,,29,9,ー,時計,ROLEX,SW,,,16234,,R番 ﾘｭｰｽﾞ　  ,,,,落札,"        460,000",,,,,,,,,,,,,
東京エムジー時計,,29,10,ー,時計,ROLEX,SS,,,14000,,Ｋ番 　  ,,,,落札,"        369,000",,,,,,,,,,,,,
東京エムジー時計,,30,1,ー,時計,ROLEX,SS,,,76030,,A番 　  ,,,,落札,"        231,000",,,,,,,,,,,,,
東京エムジー時計,,30,2,ー,時計,ROLEX,SS,,,76080,,P番 保　  ,,,,落札,"        243,000",,,,,,,,,,,,,
東京エムジー時計,,30,3,ー,時計,ROLEX,SW,,,67194,,95番 　  ,,,,        不成立,        不成立,        不成立,,,,,,,,,,,,,
東京エムジー時計,,30,4,ー,時計,ROLEX,SY,,,69173,,98番 　  ,,,,落札,"        350,000",,,,,,,    不成立,,,,,,,
東京エムジー時計,,30,5,ー,時計,ROLEX,YG,,,69178,,85番 　  ,,,,        不成立,        不成立,        不成立,,,,,,,,,,,,,
東京エムジー時計,,30,6,ー,時計,ROLEX,YG,,,69178,,L番 保　  ,,,,        不成立,        不成立,        不成立,,,,,,,    不成立,,,,,,,
東京エムジー時計,,30,8,ー,時計,ROLEX,SS,,,67480,,Ｎ番 　  ,,,,        不成立,        不成立,        不成立,,,,,,,    不成立,,,,,,,
東京エムジー時計,,30,9,ー,時計,ROLEX,YG,,,69138,,86番 　  ,,,,        不成立,        不成立,        不成立,,,,,,,    不成立,,,,,,,
東京エムジー時計,,30,10,ー,時計,ROLEX,SW,,,69174,,Ｎ番 　  ,,,,落札,"        350,000",,,,,,,    不成立,,,,,,,
東京エムジー時計,,31,1,ー,時計,ROLEX,その他,,,6917,,4番   ,,,,落札,"        230,000",,,,,,,,,,,,,
東京エムジー時計,,31,2,ー,時計,ROLEX,,,,,,,,,,落札,"        115,000",,,,,,,,,,,,,
東京エムジー時計,,31,3,ー,時計,ROLEX,SY,,,69173,,E番 日ロレ保 国サ保  ,,,,落札,"        415,000",,,,,,,,,,,,,
東京エムジー時計,,31,4,ー,時計,ROLEX,SY,,,69173,,T番   ,,,,落札,"        350,000",,,,,,,,,,,,,
東京エムジー時計,,31,5,ー,時計,ROLEX,SW,,,68274,,U番   ,,,,落札,"        605,000",,,,,,,,,,,,,
東京エムジー時計,,31,6,ー,時計,ROLEX,SY,,,79173,,A番   ,,,,落札,"        340,000",,,,,,,,,,,,,
東京エムジー時計,,31,7,ー,時計,ROLEX,SR,,,1601,,2番   ,,,,落札,"        362,000",,,,,,,,,,,,,
東京エムジー時計,,31,8,ー,時計,ROLEX,SW,,,16234,,S番 保  ,,,,落札,"        687,000",,,,,,,,,,,,,
東京エムジー時計,,32,4,ー,時計,ROLEX,PT,,,6426,,2番   ,,,,落札,"        210,000",,,,,,,,,,,,,
東京エムジー時計,,32,6,ー,時計,ROLEX,PT,,,6466,,7番 リューズパーツ  ,,,,落札,"        149,000",,,,,,,,,,,,,
東京エムジー時計,,32,7,ー,時計,ROLEX,SS,,,114200,,Ｇ番 保  ,,,,落札,"        588,000",,,,,,,,,,,,,
東京エムジー時計,,32,8,ー,時計,ROLEX,SY,,,16233,,Ｔ番 保  ,,,,落札,"        614,000",,,,,,,,,,,,,
東京エムジー時計,,32,9,ー,時計,ROLEX,SY,,,116233,,Ｆ番   ,,,,落札,"        1,001,000",,,,,,,,,,,,,
東京エムジー時計,,34,1,ー,時計,ROLEX,SY,,,69173,,N番 箱  ,,,,落札,"        385,000",,,,,,,,,,,,,
東京エムジー時計,,36,1,ー,時計,ROLEX,YG,,,18238,,X番 　  ,,,,落札,"        1,815,000",,,,,,,,,,,,,
東京エムジー時計,,36,2,ー,時計,ROLEX,WG,,,18239,,E番 　  ,,,,        不成立,        不成立,        不成立,,,,,,,,,,,,,
東京エムジー時計,,36,3,ー,時計,ROLEX,SY,,,16233,,T番 　  ,,,,落札,"        560,000",,,,,,,    不成立,,,,,,,
東京エムジー時計,,36,4,ー,時計,ROLEX,SY,,,16233,,P番 　  ,,,,落札,"        600,000",,,,,,,,,,,,,
東京エムジー時計,,36,5,ー,時計,ROLEX,SY,,,16233,,E番 　  ,,,,        不成立,        不成立,        不成立,,,,,,,,,,,,,
東京エムジー時計,,36,6,ー,時計,ROLEX,SW,,,16014,,64番 　  ,,,,        不成立,        不成立,        不成立,,,,,,,    不成立,,,,,,,
東京エムジー時計,,37,1,ー,時計,ROLEX,SY,,,5513,,L番 　  ,,,,        不成立,        不成立,        不成立,,,,,,,    不成立,,,,,,,
東京エムジー時計,,37,2,ー,時計,ROLEX,SY,,,5513,,18番 　  ,,,,        不成立,        不成立,        不成立,,,,,,,    不成立,,,,,,,
東京エムジー時計,,37,3,ー,時計,ROLEX,SS,,,5330,,Ｋ番 　  ,,,,        不成立,        不成立,        不成立,,,,,,,    不成立,,,,,,,
東京エムジー時計,,37,4,ー,時計,ROLEX,SY,,,5513,,22番 　  ,,,,落札,"        1,120,000",,,,,,,    不成立,,,,,,,
東京エムジー時計,,37,5,ー,時計,ROLEX,SS,,,5500,,50番 尾錠　  ,,,,落札,"        193,000",,,,,,,,,,,,,
東京エムジー時計,,37,6,ー,時計,ROLEX,SW,,,6694,,6番 　  ,,,,落札,"        221,000",,,,,,,,,,,,,
東京エムジー時計,,37,7,ー,時計,ROLEX,SW,,,6694,,11番 　  ,,,,落札,"        232,000",,,,,,,,,,,,,
東京エムジー時計,,37,8,ー,時計,ROLEX,RG,,,6605,,,,,,落札,"        360,000",,,,,,,,,,,,,
東京エムジー時計,,37,9,ー,時計,ROLEX,SY,,,5513,,R番 　  ,,,,落札,"        900,000",,,,,,,,,,,,,
東京エムジー時計,,37,10,ー,時計,ROLEX,,,,,,型番 削れあり  ,,,,落札,"        143,000",,,,,,,,,,,,,
東京エムジー時計,,41,10,ー,時計,ROLEX,,,,,,,,,,落札,"        183,000",,,,,,,,,,,,,
東京エムジー時計,,44,1,ー,時計,ROLEX,SY,,,16233,,Ｃ番 箱 説 保コンビ　  ,,,,落札,"        703,000",,,,,,,,,,,,,
東京エムジー時計,,46,1,ー,時計,ROLEX,YG,,,68278,,89番 箱 保  ,,,,落札,"        1,550,000",,,,,,,,,,,,,
東京エムジー時計,,46,2,ー,時計,ROLEX,YG,,,69178,,98番 ケース 保  ,,,,        不成立,        不成立,        不成立,,,,,,,,,,,,,
東京エムジー時計,,46,3,ー,時計,ROLEX,,,,168622,,Ｙ番 箱 保  ,,,,落札,"        750,000",,,,,,,    不成立,,,,,,,
東京エムジー時計,,46,4,ー,時計,ROLEX,SY,,,16233,,S番 箱 保 コマ　6時ベルト固着  ,,,,        不成立,        不成立,        不成立,,,,,,,,,,,,,
東京エムジー時計,,46,5,ー,時計,ROLEX,SW,,,16234,,Ｘ番   ,,,,        不成立,        不成立,        不成立,,,,,,,    不成立,,,,,,,
東京エムジー時計,,48,2,ー,時計,ROLEX,SS,,,79160,,P番 ケース  ,,,,落札,"        303,000",,,,,,,    不成立,,,,,,,
東京エムジー時計,,48,3,ー,時計,ROLEX,SY,,,16233,,R番 ケース 保  ,,,,落札,"        600,000",,,,,,,,,,,,,
東京エムジー時計,,48,4,ー,時計,ROLEX,SY,,,1603,,12番 ケース  ,,,,落札,"        348,000",,,,,,,,,,,,,
東京エムジー時計,,48,5,ー,時計,ROLEX,SY,,,16233,,X番 日ロレ保　エトシミ  ,,,,落札,"        492,000",,,,,,,,,,,,,
東京エムジー時計,,48,6,ー,時計,ROLEX,SS,,,16570,,A番 保  ,,,,落札,"        820,000",,,,,,,,,,,,,
東京エムジー時計,,48,7,ー,時計,ROLEX,SS,,,14000,,A番 　文字盤腐食　リューズ欠品現状  ,,,,落札,"        203,000",,,,,,,,,,,,,
東京エムジー時計,,48,10,ー,時計,ROLEX,PT,,,6516,,11番   ,,,,落札,"        74,000",,,,,,,,,,,,,
東京エムジー時計,,49,3,ー,時計,ROLEX,,,,,,,,,,        不成立,        不成立,        不成立,,,,,,,,,,,,,
東京エムジー時計,,51,2,ー,時計,ROLEX,,,,,,,,,,落札,"        62,000",,,,,,,    不成立,,,,,,,
東京エムジー時計,,51,3,ー,時計,ROLEX,,,,,,社外ベルト×2,,,,落札,"        220,000",,,,,,,,,,,,,
東京エムジー時計,,51,9,ー,時計,ROLEX,,,,,,,,,,落札,"        42,000",,,,,,,,,,,,,
東京エムジー時計,,51,10,ー,時計,ROLEX,,,,,,3番 プレシジョン   9.3g  ,,,,落札,"        136,000",,,,,,,,,,,,,
東京エムジー時計,,52,4,ー,時計,ROLEX,,,,,,,,,,落札,"        190,000",,,,,,,,,,,,,
東京エムジー時計,,53,1,ー,時計,ROLEX,SR,,,1601,,3番 デイトジャスト  ブレス破損   ,,,,落札,"        450,000",,,,,,,,,,,,,
東京エムジー時計,,53,2,ー,時計,ROLEX,SR,,,1601,,2番 デイトジャスト     ,,,,落札,"        395,000",,,,,,,,,,,,,
東京エムジー時計,,53,3,ー,時計,ROLEX,SW,,,16014,,8番 デイトジャスト     ,,,,落札,"        425,000",,,,,,,,,,,,,
東京エムジー時計,,53,4,ー,時計,ROLEX,SR,,,1501,,3番 オイスターパーペチュアルデイト     ,,,,落札,"        255,000",,,,,,,,,,,,,
東京エムジー時計,,53,5,ー,時計,ROLEX,SS,,,1500,,1番 オイスターパーペチュアルデイト  社外FF   ,,,,落札,"        203,000",,,,,,,,,,,,,
東京エムジー時計,,53,6,ー,時計,ROLEX,SR,,,1601,,3番 3コマデイトジャスト  リューズ抜け不動   ,,,,落札,"        330,000",,,,,,,,,,,,,
東京エムジー時計,,53,7,ー,時計,ROLEX,SR,,,1601,,3番 デイトジャスト  巻上重   ,,,,落札,"        390,000",,,,,,,,,,,,,
東京エムジー時計,,53,8,ー,時計,ROLEX,SW,,,6694,,1番 オイスターデイト     ,,,,落札,"        243,000",,,,,,,,,,,,,
東京エムジー時計,,53,9,ー,時計,ROLEX,SS,,,1500,,3番 オイスターパーペチュアルデイト  カレ遅   ,,,,落札,"        206,000",,,,,,,,,,,,,
東京エムジー時計,,53,10,ー,時計,ROLEX,SY,,,1603,,5番 デイトジャスト     ,,,,落札,"        360,000",,,,,,,,,,,,,
東京エムジー時計,,54,1,ー,時計,ROLEX,SS,,,14000,,S番 エアキング     ,,,,落札,"        387,000",,,,,,,,,,,,,
東京エムジー時計,,54,2,ー,時計,ROLEX,SY,,,14203,,T番 オイスターパーペチュアル     ,,,,落札,"        515,000",,,,,,,,,,,,,
東京エムジー時計,,54,3,ー,時計,ROLEX,SW,,,16234,,T番 デイトジャスト  巻上違和感   ,,,,落札,"        543,000",,,,,,,,,,,,,
東京エムジー時計,,54,4,ー,時計,ROLEX,SY,,,16013,,7番 保デイトジャスト     ,,,,落札,"        580,000",,,,,,,,,,,,,
東京エムジー時計,,54,5,ー,時計,ROLEX,SW,,,16234,,S番 1コマデイトジャスト     ,,,,落札,"        540,000",,,,,,,,,,,,,
東京エムジー時計,,54,6,ー,時計,ROLEX,SY,,,69273,,S番 5コマデイトジャスト     ,,,,落札,"        388,000",,,,,,,,,,,,,
東京エムジー時計,,54,8,ー,時計,ROLEX,SY,,,79173,,P番 デイトジャスト     ,,,,落札,"        376,000",,,,,,,,,,,,,
東京エムジー時計,,54,9,ー,時計,ROLEX,SW,,,116234,,Z番 デイトジャスト     ,,,,落札,"        880,000",,,,,,,,,,,,,
東京エムジー時計,,54,10,ー,時計,ROLEX,SS,,,16610,,L番 サブマリーナー  針交換   ,,,,落札,"        815,000",,,,,,,,,,,,,
東京エムジー時計,,55,3,ー,時計,ROLEX,SS,,,176200,,,,,,落札,"        350,000",,,,,,,,,,,,,
東京エムジー時計,,55,4,ー,時計,ROLEX,SW,,,179174,,V番 デイトジャスト     ,,,,落札,"        560,000",,,,,,,,,,,,,
東京エムジー時計,,55,5,ー,時計,ROLEX,SY,,,69173,,9番 デイトジャスト     ,,,,落札,"        343,000",,,,,,,,,,,,,
東京エムジー時計,,55,7,ー,時計,ROLEX,SS,,,14000,,K番 エアキング     ,,,,落札,"        383,000",,,,,,,,,,,,,
東京エムジー時計,,55,8,ー,時計,ROLEX,SY,,,16233,,S番 デイトジャスト     ,,,,落札,"        620,000",,,,,,,,,,,,,
東京エムジー時計,,55,9,ー,時計,ROLEX,SS,,,16610,,K番 サ保サブマリーナー　     ,,,,落札,"        815,000",,,,,,,,,,,,,
東京エムジー時計,,55,10,ー,時計,ROLEX,SW,,,68274,,N番 デイトジャスト  カレ遅カレ粘り   ,,,,落札,"        591,000",,,,,,,,,,,,,
東京エムジー時計,,60,5,ー,時計,ROLEX,SW,,,69174,,E番 箱 保デイトジャスト     ,,,,落札,"        380,000",,,,,,,,,,,,,
東京エムジー時計,,60,6,ー,時計,ROLEX,SS,,,77080,,K番 箱 保 3コマオイスターパーペチュアル     ,,,,落札,"        421,000",,,,,,,,,,,,,
東京エムジー時計,,60,7,ー,時計,ROLEX,SY,,,69173,,T番 箱 保 3コマデイトジャスト     ,,,,落札,"        436,000",,,,,,,,,,,,,
東京エムジー時計,,60,8,ー,時計,ROLEX,SR,,,1601,,1番 ケースデイトジャスト  FF剥がれ   ,,,,落札,"        354,000",,,,,,,,,,,,,
東京エムジー時計,,60,9,ー,時計,ROLEX,SS,,,14270,,T番 箱 保 サ保 2コマエクスプローラーⅠ     ,,,,        不成立,        不成立,        不成立,,,,,,,,,,,,,
東京エムジー時計,,60,10,ー,時計,ROLEX,SS,,,16610,,S番 箱 保 サ保 修理明細 2コマサブマリーナー     ,,,,落札,"        915,000",,,,,,,    不成立,,,,,,,
東京エムジー時計,,66,1,ー,時計,ROLEX,SY,,,16233,,S番 デイトジャスト  不動現状 裏開   ,,,,落札,"        323,000",,,,,,,,,,,,,
東京エムジー時計,,66,6,ー,時計,ROLEX,SS,,,16220,,X番 保デイトジャスト  ローター異音   ,,,,落札,"        505,000",,,,,,,,,,,,,
東京エムジー時計,,66,7,ー,時計,ROLEX,SY,,,69173,,X番 デイトジャスト     ,,,,落札,"        405,000",,,,,,,,,,,,,
東京エムジー時計,,66,8,ー,時計,ROLEX,その他,,,6917,,5番 オイスターパーペチュアルデイト  カレ早カレ粘り   ,,,,落札,"        254,000",,,,,,,,,,,,,
東京エムジー時計,,66,9,ー,時計,ROLEX,,,,,,2番 デイトジャスト  リューズ抜   ,,,,落札,"        285,000",,,,,,,,,,,,,
東京エムジー時計,,66,10,ー,時計,ROLEX,SY,,,68273,,N番 デイトジャスト     ,,,,落札,"        582,000",,,,,,,,,,,,,
東京エムジー時計,,70,10,ー,時計,ROLEX,,,,,,3番 ケースプレシジョン   ,,,,落札,"        65,000",,,,,,,,,,,,,
東京エムジー時計,,114,5,ー,時計,ROLEX,SS,,,78790,,,,,,        不成立,        不成立,        不成立,,,,,,,,,,,,,
東京エムジー時計,,118,9,ー,時計,ROLEX,,,,,,,,,,落札,"        530,000",,,,,,,    不成立,,,,,,,
東京エムジー時計,,120,4,ー,時計,ROLEX,SW,,,6244,,92番  現状  ,,,,落札,"        103,000",,,,,,,,,,,,,
東京エムジー時計,,121,6,ー,時計,ROLEX,YG,,,9828,,24番   ,,,,        不成立,        不成立,        不成立,,,,,,,,,,,,,
東京エムジー時計,,124,3,ー,時計,ROLEX,SW,,,16234,,E番   ,,,,落札,"        630,000",,,,,,,    不成立,,,,,,,
東京エムジー時計,,144,6,ー,時計,ROLEX,YG,,,69278,,94番 　  ,,,,        不成立,        不成立,        不成立,,,,,,,,,,,,,
東京エムジー時計,,144,7,ー,時計,ROLEX,YG,,,69178,,E番 　  ,,,,落札,"        900,000",,,,,,,    不成立,,,,,,,
東京エムジー時計,,144,8,ー,時計,ROLEX,SY,,,69173,,92番 　  ,,,,落札,"        395,000",,,,,,,,,,,,,
東京エムジー時計,,144,9,ー,時計,ROLEX,SY,,,79173,,Ｋ番 　  ,,,,落札,"        385,000",,,,,,,,,,,,,
東京エムジー時計,,144,10,ー,時計,ROLEX,SY,,,79173,,P番 保　  ,,,,落札,"        508,000",,,,,,,,,,,,,
東京エムジー時計,,145,1,ー,時計,ROLEX,SY,,,67193,,R番 　  ,,,,        不成立,        不成立,        不成立,,,,,,,,,,,,,
東京エムジー時計,,148,1,ー,時計,ROLEX,YG,,,16618,,E番 　  ,,,,        不成立,        不成立,        不成立,,,,,,,    不成立,,,,,,,
東京エムジー時計,,149,1,ー,時計,ROLEX,SY,,,116503,,保 コマ2 タグ,,,,落札,"        2,390,000",,,,,,,    不成立,,,,,,,
東京エムジー時計,,149,2,ー,時計,ROLEX,SS,,,16700,,T番 保 コマ2 タグ  ,,,,落札,"        1,420,000",,,,,,,,,,,,,
東京エムジー時計,,149,4,ー,時計,ROLEX,SS,,,1500,,,,,,落札,"        213,000",,,,,,,,,,,,,
東京エムジー時計,,149,6,ー,時計,ROLEX,,,,,,箱（社外）,,,,落札,"        103,000",,,,,,,,,,,,,
東京エムジー時計,,154,2,ー,時計,ROLEX,SS,,,116520,,ランダム番 保ｶｰﾄﾞ　  ,,,,落札,"        2,630,000",,,,,,,,,,,,,
東京エムジー時計,,154,3,ー,時計,ROLEX,SS,,,116500,,ランダム番 保21　  ,,,,落札,"        3,320,000",,,,,,,,,,,,,
東京エムジー時計,,154,4,ー,時計,ROLEX,SW,,,116264,,Ｇ番 保ｶｰﾄﾞ　  ,,,,落札,"        820,000",,,,,,,,,,,,,
東京エムジー時計,,154,5,ー,時計,ROLEX,SR,,,126331,,ランダム番 保20　  ,,,,        不成立,        不成立,        不成立,,,,,,,,,,,,,
東京エムジー時計,,154,6,ー,時計,ROLEX,SS,,,16610,,F番 　  ,,,,        不成立,        不成立,        不成立,,,,,,,    不成立,,,,,,,
東京エムジー時計,,154,7,ー,時計,ROLEX,SS,,,16610,,M番 保ｶｰﾄﾞ　  ,,,,落札,"        1,795,000",,,,,,,    不成立,,,,,,,
東京エムジー時計,,154,8,ー,時計,ROLEX,SS,,,116610,,ランダム番 保16　  ,,,,落札,"        2,520,000",,,,,,,,,,,,,
東京エムジー時計,,154,9,ー,時計,ROLEX,SW,,,116334,,ランダム番 保ｶｰﾄﾞ　  ,,,,落札,"        1,245,000",,,,,,,,,,,,,
東京エムジー時計,,154,10,ー,時計,ROLEX,SS,,,114270,,Y番 保　  ,,,,        不成立,        不成立,        不成立,,,,,,,,,,,,,
東京エムジー時計,,155,1,ー,時計,ROLEX,SY,,,16613,,A番 保 国ｻ保　  ,,,,        不成立,        不成立,        不成立,,,,,,,    不成立,,,,,,,
東京エムジー時計,,155,2,ー,時計,ROLEX,,,,16622,,Ｄ番 保　  ,,,,落札,"        1,070,000",,,,,,,    不成立,,,,,,,
東京エムジー時計,,155,3,ー,時計,ROLEX,YG,,,18238,,L番 　  ,,,,        不成立,        不成立,        不成立,,,,,,,,,,,,,
東京エムジー時計,,155,4,ー,時計,ROLEX,SS,,,14270,,X番 　  ,,,,落札,"        516,000",,,,,,,    不成立,,,,,,,
東京エムジー時計,,155,5,ー,時計,ROLEX,SW,,,16264,,,,,,        不成立,        不成立,        不成立,,,,,,,,,,,,,
東京エムジー時計,,155,6,ー,時計,ROLEX,SS,,,14000,,Ｗ番 　  ,,,,落札,"        366,000",,,,,,,    不成立,,,,,,,
東京エムジー時計,,155,7,ー,時計,ROLEX,SS,,,14000,,T番 　  ,,,,落札,"        350,000",,,,,,,,,,,,,
東京エムジー時計,,155,8,ー,時計,ROLEX,SY,,,16233,,T番 　  ,,,,        不成立,        不成立,        不成立,,,,,,,,,,,,,
東京エムジー時計,,155,9,ー,時計,ROLEX,SW,,,16234,,L番 　  ,,,,落札,"        497,000",,,,,,,    不成立,,,,,,,
東京エムジー時計,,155,10,ー,時計,ROLEX,SY,,,16233,,R番 保　  ,,,,        不成立,        不成立,        不成立,,,,,,,,,,,,,
東京エムジー時計,,157,4,ー,時計,ROLEX,,,,,,,,,,落札,"        93,000",,,,,,,    不成立,,,,,,,
東京エムジー時計,,157,5,ー,時計,ROLEX,,,,6222,,9番 　裏蓋ゆるめています  ,,,,        不成立,        不成立,        不成立,,,,,,,,,,,,,
東京エムジー時計,,159,6,ー,時計,ROLEX,,,,,,,,,,落札,"        18,000",,,,,,,    不成立,,,,,,,
東京エムジー時計,,159,7,ー,時計,ROLEX,,,,,,,,,,落札,"        17,000",,,,,,,,,,,,,
東京エムジー時計,,159,8,ー,時計,ROLEX,,,,,,,,,,落札,"        18,000",,,,,,,,,,,,,
東京エムジー時計,,159,9,ー,時計,ROLEX,,,,,,,,,,落札,"        16,000",,,,,,,,,,,,,
東京エムジー時計,,161,1,ー,時計,ROLEX,SS,,,14270,,U番 　  ,,,,        不成立,        不成立,        不成立,,,,,,,,,,,,,
東京エムジー時計,,161,2,ー,時計,ROLEX,YG,,,18308,,E番 　  ,,,,        不成立,        不成立,        不成立,,,,,,,    不成立,,,,,,,
東京エムジー時計,,161,3,ー,時計,ROLEX,SY,,,16233,,Ｗ番 　  ,,,,        不成立,        不成立,        不成立,,,,,,,    不成立,,,,,,,
東京エムジー時計,,161,4,ー,時計,ROLEX,SY,,,1503,,20番 　  ,,,,落札,"        480,000",,,,,,,    不成立,,,,,,,
東京エムジー時計,,161,5,ー,時計,ROLEX,SW,,,16234,,Ｗ番 　  ,,,,        不成立,        不成立,        不成立,,,,,,,,,,,,,
東京エムジー時計,,161,6,ー,時計,ROLEX,SS,,,14000,,X番 　  ,,,,落札,"        354,000",,,,,,,    不成立,,,,,,,
東京エムジー時計,,161,7,ー,時計,ROLEX,SW,,,16014,,,,,,落札,"        425,000",,,,,,,,,,,,,
東京エムジー時計,,161,8,ー,時計,ROLEX,SW,,,68274,,Ｎ番 保　  ,,,,落札,"        650,000",,,,,,,,,,,,,
東京エムジー時計,,161,9,ー,時計,ROLEX,SW,,,78274,,Y番 　  ,,,,落札,"        655,000",,,,,,,,,,,,,
東京エムジー時計,,161,10,ー,時計,ROLEX,SW,,,14,,,,,,落札,"        359,000",,,,,,,,,,,,,
東京エムジー時計,,162,1,ー,時計,ROLEX,SR,,,179171,,Ｄ番 　  ,,,,落札,"        830,000",,,,,,,,,,,,,
東京エムジー時計,,162,2,ー,時計,ROLEX,SW,,,6694,,,,,,落札,"        103,000",,,,,,,,,,,,,
東京エムジー時計,,162,3,ー,時計,ROLEX,SW,,,6494,,1番 　  ,,,,落札,"        255,000",,,,,,,,,,,,,
東京エムジー時計,,162,5,ー,時計,ROLEX,SW,,,6924,,30番 　  ,,,,落札,"        175,000",,,,,,,,,,,,,
東京エムジー時計,,162,6,ー,時計,ROLEX,SY,,,69173,,91番 　  ,,,,落札,"        360,000",,,,,,,,,,,,,
東京エムジー時計,,162,7,ー,時計,ROLEX,SY,,,69173,,R番 　  ,,,,落札,"        384,000",,,,,,,,,,,,,
東京エムジー時計,,162,8,ー,時計,ROLEX,YG,,,69178,,X番 保　  ,,,,        不成立,        不成立,        不成立,,,,,,,,,,,,,
東京エムジー時計,,166,1,ー,時計,ROLEX,,,,,,,,,,落札,"        200,000",,,,,,,    不成立,,,,,,,
東京エムジー時計,,166,2,ー,時計,ROLEX,WG,,,6519,,1番   ,,,,落札,"        118,000",,,,,,,,,,,,,
東京エムジー時計,,166,3,ー,時計,ROLEX,WG,,,6519,,1番   ,,,,落札,"        130,000",,,,,,,,,,,,,
東京エムジー時計,,166,4,ー,時計,ROLEX,,,,,,2番 パーペチュアルデイト　  ,,,,落札,"        130,000",,,,,,,,,,,,,
東京エムジー時計,,166,5,ー,時計,ROLEX,その他,,,6517,,8番   ,,,,落札,"        130,000",,,,,,,,,,,,,
東京エムジー時計,,166,6,ー,時計,ROLEX,その他,,,6517,,,,,,落札,"        91,000",,,,,,,,,,,,,
東京エムジー時計,,166,7,ー,時計,ROLEX,YG,,,6618,,2番   ,,,,        不成立,        不成立,        不成立,,,,,,,,,,,,,
東京エムジー時計,,166,8,ー,時計,ROLEX,SY,,,68273,,E番 　10Ｐ  ,,,,落札,"        662,000",,,,,,,    不成立,,,,,,,
東京エムジー時計,,166,9,ー,時計,ROLEX,SY,,,16233,,Ｘ番 保　旧10Ｐ  ,,,,落札,"        613,000",,,,,,,,,,,,,
東京エムジー時計,,166,10,ー,時計,ROLEX,SY,,,16233,,X番 保　  ,,,,        不成立,        不成立,        不成立,,,,,,,,,,,,,
東京エムジー時計,,168,1,ー,時計,ROLEX,,,,,,,,,,落札,"        6,500",,,,,,,    不成立,,,,,,,
東京エムジー時計,,168,2,ー,時計,ROLEX,,,,,,,,,,落札,"        20,000",,,,,,,,,,,,,
東京エムジー時計,,168,3,ー,時計,ROLEX,,,,,,,,,,落札,"        20,000",,,,,,,,,,,,,
東京エムジー時計,,168,4,ー,時計,ROLEX,,,,,,,,,,落札,"        10,000",,,,,,,,,,,,,
東京エムジー時計,,168,5,ー,時計,ROLEX,,,,,,,,,,落札,"        10,000",,,,,,,,,,,,,
東京エムジー時計,,168,6,ー,時計,ROLEX,,,,,,,,,,落札,"        7,000",,,,,,,,,,,,,
東京エムジー時計,,168,7,ー,時計,ROLEX,,,,,,,,,,落札,"        8,000",,,,,,,,,,,,,
東京エムジー時計,,168,8,ー,時計,ROLEX,,,,,,,,,,落札,"        7,000",,,,,,,,,,,,,
東京エムジー時計,,168,9,ー,時計,ROLEX,,,,,,,,,,落札,"        10,000",,,,,,,,,,,,,
東京エムジー時計,,168,10,ー,時計,ROLEX,,,,,,,,,,落札,"        12,000",,,,,,,,,,,,,
東京エムジー時計,,170,1,ー,時計,ROLEX,SW,,,278344,,箱 保(2023/11),,,,落札,"        1,550,000",,,,,,,,,,,,,
東京エムジー時計,,172,1,ー,時計,ROLEX,RG,,,116655,,箱 保,,,,        不成立,        不成立,        不成立,,,,,,,,,,,,,
東京エムジー時計,,173,1,ー,時計,ROLEX,SS,,,126720,,箱 保,,,,落札,"        2,300,000",,,,,,,    不成立,,,,,,,
東京エムジー時計,,173,2,ー,時計,ROLEX,SS,,,124060,,箱 保,,,,        不成立,        不成立,        不成立,,,,,,,,,,,,,
東京エムジー時計,,175,1,ー,時計,ROLEX,SS,,,14060,,Ｚ番   ,,,,落札,"        861,000",,,,,,,    不成立,,,,,,,
東京エムジー時計,,175,2,ー,時計,ROLEX,SS,,,214270,,保（2018） コマ2,,,,落札,"        793,000",,,,,,,,,,,,,
東京エムジー時計,,175,3,ー,時計,ROLEX,SS,,,16570,,Ｋ番 保  ,,,,落札,"        747,000",,,,,,,,,,,,,
東京エムジー時計,,175,4,ー,時計,ROLEX,SS,,,16570,,Ｘ番 保 コマ1  ,,,,落札,"        856,000",,,,,,,,,,,,,
東京エムジー時計,,176,1,ー,時計,ROLEX,YG,,,86348,,ランダム番 保15　  ,,,,        不成立,        不成立,        不成立,,,,,,,,,,,,,
東京エムジー時計,,176,2,ー,時計,ROLEX,YG,,,218238,,Ｇ番 保ｶｰﾄﾞ　  ,,,,        不成立,        不成立,        不成立,,,,,,,    不成立,,,,,,,
東京エムジー時計,,176,3,ー,時計,ROLEX,YG,,,18238,,Ｓ番 保 ｱﾌﾀｰﾍﾞｾﾞﾙ　  ,,,,落札,"        2,050,000",,,,,,,    不成立,,,,,,,
東京エムジー時計,,176,4,ー,時計,ROLEX,SY,,,126333,,ランダム番 保20　  ,,,,落札,"        1,740,000",,,,,,,,,,,,,
東京エムジー時計,,176,5,ー,時計,ROLEX,SS,,,116520,,Ｇ番 保ｶｰﾄﾞ　  ,,,,        不成立,        不成立,        不成立,,,,,,,,,,,,,
東京エムジー時計,,176,6,ー,時計,ROLEX,SS,,,16520,,T番 保　  ,,,,落札,"        3,000,000",,,,,,,    不成立,,,,,,,
東京エムジー時計,,176,7,ー,時計,ROLEX,SS,,,16710,,A番 保　  ,,,,落札,"        1,400,000",,,,,,,,,,,,,
東京エムジー時計,,176,8,ー,時計,ROLEX,SY,,,5513,,84番 保　  ,,,,落札,"        1,270,000",,,,,,,,,,,,,
東京エムジー時計,,176,9,ー,時計,ROLEX,PT,,,1016,,14番 　  ,,,,落札,"        1,110,000",,,,,,,,,,,,,
東京エムジー時計,,176,10,ー,時計,ROLEX,SS,,,114200,,Ｇ番 保ｶｰﾄﾞ　  ,,,,落札,"        627,000",,,,,,,,,,,,,
東京エムジー時計,,177,3,ー,時計,ROLEX,SY,,,1803,,25番 　  ,,,,        不成立,        不成立,        不成立,,,,,,,,,,,,,
東京エムジー時計,,177,4,ー,時計,ROLEX,SW,,,16234,,L番 　  ,,,,        不成立,        不成立,        不成立,,,,,,,    不成立,,,,,,,
東京エムジー時計,,177,5,ー,時計,ROLEX,SY,,,16233,,X番 　  ,,,,        不成立,        不成立,        不成立,,,,,,,    不成立,,,,,,,
東京エムジー時計,,189,1,ー,時計,ROLEX,,,,16622,,Ｄ番 保  ,,,,落札,"        984,000",,,,,,,    不成立,,,,,,,
東京エムジー時計,,189,2,ー,時計,ROLEX,SS,,,16200,,U番 保  ,,,,落札,"        656,000",,,,,,,,,,,,,
東京エムジー時計,,189,3,ー,時計,ROLEX,SR,,,1601,,10番 　不動  ,,,,        不成立,        不成立,        不成立,,,,,,,,,,,,,
東京エムジー時計,,190,2,ー,時計,ROLEX,SW,,,79174,,P番   ,,,,落札,"        480,000",,,,,,,    不成立,,,,,,,
東京エムジー時計,,192,1,ー,時計,ROLEX,SW,,,79174,,Y番 箱 コマ  ,,,,落札,"        410,000",,,,,,,,,,,,,
東京エムジー時計,,192,2,ー,時計,ROLEX,SS,,,216570,,箱 コマ 保,,,,落札,"        1,100,000",,,,,,,,,,,,,
東京エムジー時計,,192,3,ー,時計,ROLEX,SS,,,14270,,P番 箱 コマ 保  ,,,,落札,"        738,000",,,,,,,,,,,,,
東京エムジー時計,,192,4,ー,時計,ROLEX,SS,,,16030,,9番 箱　リューズ取れ  ,,,,        不成立,        不成立,        不成立,,,,,,,,,,,,,
東京エムジー時計,,192,5,ー,時計,ROLEX,SS,,,179160,,箱 コマ,,,,落札,"        455,000",,,,,,,    不成立,,,,,,,
東京エムジー時計,,192,6,ー,時計,ROLEX,SY,,,16713,,F番 箱 コマ 保  ,,,,落札,"        1,620,000",,,,,,,,,,,,,
東京エムジー時計,,192,7,ー,時計,ROLEX,SY,,,16233,,T番 ケース コマ 保  ,,,,落札,"        625,000",,,,,,,,,,,,,
東京エムジー時計,,192,8,ー,時計,ROLEX,SY,,,69173,,9番 箱 保  ,,,,落札,"        390,000",,,,,,,,,,,,,
東京エムジー時計,,193,2,ー,時計,ROLEX,SS,,,16710,,U番   ,,,,落札,"        1,210,000",,,,,,,,,,,,,
東京エムジー時計,,193,4,ー,時計,ROLEX,SY,,,69173,,T番   ,,,,落札,"        385,000",,,,,,,,,,,,,
東京エムジー時計,,194,3,ー,時計,ROLEX,SS,,,16570,,D番 ケース  ,,,,落札,"        730,000",,,,,,,,,,,,,
東京エムジー時計,,194,4,ー,時計,ROLEX,SY,,,69173,,U番 箱 保 コマ  ,,,,落札,"        376,000",,,,,,,,,,,,,
東京エムジー時計,,195,3,ー,時計,ROLEX,SY,,,16613,,X番 箱 保  ,,,,        不成立,        不成立,        不成立,,,,,,,,,,,,,
東京エムジー時計,,195,4,ー,時計,ROLEX,SS,,,16610,,X番 箱  ,,,,落札,"        845,000",,,,,,,    不成立,,,,,,,
東京エムジー時計,,195,5,ー,時計,ROLEX,SS,,,15200,,W番 箱 保 コマ  ,,,,落札,"        490,000",,,,,,,,,,,,,
東京エムジー時計,,196,1,ー,時計,ROLEX,SW,,,126334,,箱 保,,,,落札,"        1,930,000",,,,,,,,,,,,,
東京エムジー時計,,196,2,ー,時計,ROLEX,SR,,,1601,,2番   ,,,,落札,"        383,000",,,,,,,,,,,,,
東京エムジー時計,,196,4,ー,時計,ROLEX,SY,,,16613,,P番 箱 OH証明書 ベゼル  ,,,,        不成立,        不成立,        不成立,,,,,,,,,,,,,
東京エムジー時計,,197,9,ー,時計,ROLEX,SY,,,69173,,X番   ,,,,落札,"        373,000",,,,,,,    不成立,,,,,,,
東京エムジー時計,,197,10,ー,時計,ROLEX,YG,,,3808,,,,,,落札,"        120,000",,,,,,,,,,,,,
東京エムジー時計,,201,7,ー,時計,ROLEX,,,,16622,,F番   ,,,,        不成立,        不成立,        不成立,,,,,,,,,,,,,
東京エムジー時計,,201,10,ー,時計,ROLEX,YG,,,68278,,S番 コマ  ,,,,落札,"        1,510,000",,,,,,,    不成立,,,,,,,
東京エムジー時計,,202,8,ー,時計,ROLEX,SW,,,68274,,U番   ,,,,落札,"        530,000",,,,,,,,,,,,,
東京エムジー時計,,202,9,ー,時計,ROLEX,SR,,,1601,,23番   ,,,,落札,"        340,000",,,,,,,,,,,,,
東京エムジー時計,,202,10,ー,時計,ROLEX,SY,,,69173,,95番   ,,,,落札,"        360,000",,,,,,,,,,,,,
東京エムジー時計,,203,2,ー,時計,ROLEX,SS,,,114060,,箱 保,,,,落札,"        1,210,000",,,,,,,,,,,,,
東京エムジー時計,,203,8,ー,時計,ROLEX,SY,,,69173,,X番   ,,,,        不成立,        不成立,        不成立,,,,,,,,,,,,,
東京エムジー時計,,203,9,ー,時計,ROLEX,SY,,,16233,,L番   ,,,,落札,"        620,000",,,,,,,    不成立,,,,,,,
東京エムジー時計,,204,7,ー,時計,ROLEX,YG,,,69178,,Ｎ番   ,,,,        不成立,        不成立,        不成立,,,,,,,,,,,,,
東京エムジー時計,,204,8,ー,時計,ROLEX,SY,,,16713,,Ｓ番   ,,,,        不成立,        不成立,        不成立,,,,,,,    不成立,,,,,,,
東京エムジー時計,,204,9,ー,時計,ROLEX,SS,,,126610,,箱 保 コマ,,,,落札,"        1,650,000",,,,,,,    不成立,,,,,,,
東京エムジー時計,,209,2,ー,時計,ROLEX,SS,,,14000,,U番 台  ,,,,落札,"        293,000",,,,,,,,,,,,,
東京エムジー時計,,209,3,ー,時計,ROLEX,,,,,,,,,,落札,"        150,000",,,,,,,,,,,,,
東京エムジー時計,,212,1,ー,時計,ROLEX,RG,,,116515,,ランダム番 保15  ,,,,落札,"        4,055,000",,,,,,,,,,,,,
東京エムジー時計,,212,2,ー,時計,ROLEX,WG,,,116519,,V番 保 国ｻ保  ,,,,        不成立,        不成立,        不成立,,,,,,,,,,,,,
東京エムジー時計,,212,3,ー,時計,ROLEX,SS,,,116610,,ランダム番 保18  ,,,,落札,"        1,390,000",,,,,,,    不成立,,,,,,,
東京エムジー時計,,212,4,ー,時計,ROLEX,SS,,,16610,,A番 保  ,,,,落札,"        1,030,000",,,,,,,,,,,,,
東京エムジー時計,,212,5,ー,時計,ROLEX,SS,,,16610,,F番 保　ビックスイス  ,,,,落札,"        1,600,000",,,,,,,,,,,,,
東京エムジー時計,,212,6,ー,時計,ROLEX,SY,,,5513,,19番   ,,,,        不成立,        不成立,        不成立,,,,,,,,,,,,,
東京エムジー時計,,212,7,ー,時計,ROLEX,SS,,,16700,,N番   ,,,,        不成立,        不成立,        不成立,,,,,,,    不成立,,,,,,,
東京エムジー時計,,212,8,ー,時計,ROLEX,SR,,,116681,,ランダム番 保18  ,,,,落札,"        2,770,000",,,,,,,    不成立,,,,,,,
東京エムジー時計,,212,9,ー,時計,ROLEX,SS,,,16570,,Ｋ番 ｺﾏ1 保  ,,,,        不成立,        不成立,        不成立,,,,,,,,,,,,,
東京エムジー時計,,212,10,ー,時計,ROLEX,SS,,,16550,,84番   ,,,,        不成立,        不成立,        不成立,,,,,,,    不成立,,,,,,,
東京エムジー時計,,213,1,ー,時計,ROLEX,RG,,,116515,,ランダム番 保15  ,,,,落札,"        4,060,000",,,,,,,    不成立,,,,,,,
東京エムジー時計,,213,2,ー,時計,ROLEX,WG,,,116189,,V番   ,,,,        不成立,        不成立,        不成立,,,,,,,,,,,,,
東京エムジー時計,,213,3,ー,時計,ROLEX,SW,,,126334,,ランダム番 保21  ,,,,落札,"        1,390,000",,,,,,,    不成立,,,,,,,
東京エムジー時計,,213,4,ー,時計,ROLEX,SS,,,126300,,ランダム番 保23/11　新品　取扱注意  ,,,,落札,"        1,315,000",,,,,,,,,,,,,
東京エムジー時計,,213,5,ー,時計,ROLEX,SS,,,116000,,ランダム番   ,,,,落札,"        565,000",,,,,,,,,,,,,
東京エムジー時計,,213,6,ー,時計,ROLEX,SW,,,16234,,F番   ,,,,落札,"        620,000",,,,,,,,,,,,,
東京エムジー時計,,213,7,ー,時計,ROLEX,SY,,,16233,,T番   ,,,,落札,"        630,000",,,,,,,,,,,,,
東京エムジー時計,,213,8,ー,時計,ROLEX,SY,,,16013,,90番   ,,,,落札,"        535,000",,,,,,,,,,,,,
東京エムジー時計,,213,9,ー,時計,ROLEX,SY,,,16233,,Ｗ番   ,,,,落札,"        624,000",,,,,,,,,,,,,
東京エムジー時計,,213,10,ー,時計,ROLEX,SY,,,16233,,Ｗ番   ,,,,落札,"        660,000",,,,,,,,,,,,,
東京エムジー時計,,214,2,ー,時計,ROLEX,SY,,,17013,,90番   ,,,,        不成立,        不成立,        不成立,,,,,,,,,,,,,
東京エムジー時計,,214,3,ー,時計,ROLEX,SS,,,17000,,P番   ,,,,        不成立,        不成立,        不成立,,,,,,,    不成立,,,,,,,
東京エムジー時計,,214,4,ー,時計,ROLEX,SY,,,116233,,Z番   ,,,,        不成立,        不成立,        不成立,,,,,,,    不成立,,,,,,,
東京エムジー時計,,214,5,ー,時計,ROLEX,SY,,,16233,,T番   ,,,,        不成立,        不成立,        不成立,,,,,,,    不成立,,,,,,,
東京エムジー時計,,214,6,ー,時計,ROLEX,SR,,,1601,,25番   ,,,,落札,"        360,000",,,,,,,    不成立,,,,,,,
東京エムジー時計,,214,7,ー,時計,ROLEX,SS,,,1600,,25番   ,,,,落札,"        345,000",,,,,,,,,,,,,
東京エムジー時計,,214,8,ー,時計,ROLEX,SS,,,16220,,T番   ,,,,        不成立,        不成立,        不成立,,,,,,,,,,,,,
東京エムジー時計,,214,9,ー,時計,ROLEX,SW,,,6694,,23番   ,,,,落札,"        225,000",,,,,,,    不成立,,,,,,,
東京エムジー時計,,214,10,ー,時計,ROLEX,SY,,,67483,,T番 　シリアル削れ  ,,,,落札,"        380,000",,,,,,,,,,,,,
東京エムジー時計,,215,1,ー,時計,ROLEX,SR,,,179171,,M番 保ｶｰﾄﾞ  ,,,,落札,"        1,020,000",,,,,,,,,,,,,
東京エムジー時計,,215,2,ー,時計,ROLEX,SR,,,179171,,ランダム番   ,,,,落札,"        975,000",,,,,,,,,,,,,
東京エムジー時計,,215,3,ー,時計,ROLEX,YG,,,69178,,98番   ,,,,        不成立,        不成立,        不成立,,,,,,,,,,,,,
東京エムジー時計,,215,4,ー,時計,ROLEX,WG,,,69179,,Ｗ番   ,,,,落札,"        730,000",,,,,,,    不成立,,,,,,,
東京エムジー時計,,215,5,ー,時計,ROLEX,SY,,,69173,,97番   ,,,,落札,"        370,000",,,,,,,,,,,,,
東京エムジー時計,,215,6,ー,時計,ROLEX,SY,,,69173,,Ｓ番   ,,,,落札,"        385,000",,,,,,,,,,,,,
東京エムジー時計,,216,2,ー,時計,ROLEX,RG,,,1675,,51番   ,,,,落札,"        1,380,000",,,,,,,,,,,,,
東京エムジー時計,,216,3,ー,時計,ROLEX,SS,,,168000,,R番   ,,,,        不成立,        不成立,        不成立,,,,,,,,,,,,,
東京エムジー時計,,216,4,ー,時計,ROLEX,SS,,,14270,,N番   ,,,,落札,"        516,000",,,,,,,    不成立,,,,,,,
東京エムジー時計,,216,5,ー,時計,ROLEX,WG,,,18239,,N番   ,,,,        不成立,        不成立,        不成立,,,,,,,,,,,,,
東京エムジー時計,,216,6,ー,時計,ROLEX,WG,,,18239,,L番   ,,,,        不成立,        不成立,        不成立,,,,,,,    不成立,,,,,,,
東京エムジー時計,,216,7,ー,時計,ROLEX,YG,,,18038,,R番   ,,,,        不成立,        不成立,        不成立,,,,,,,    不成立,,,,,,,
東京エムジー時計,,216,8,ー,時計,ROLEX,SW,,,16234,,Ｗ番   ,,,,        不成立,        不成立,        不成立,,,,,,,    不成立,,,,,,,
東京エムジー時計,,216,9,ー,時計,ROLEX,SR,,,1601,,40番 保  ,,,,        不成立,        不成立,        不成立,,,,,,,    不成立,,,,,,,
東京エムジー時計,,216,10,ー,時計,ROLEX,SW,,,6694,,27番   ,,,,落札,"        232,000",,,,,,,    不成立,,,,,,,
東京エムジー時計,,217,1,ー,時計,ROLEX,SS,,,16600,,X番   ,,,,        不成立,        不成立,        不成立,,,,,,,,,,,,,
東京エムジー時計,,217,2,ー,時計,ROLEX,SS,,,16570,,A番   ,,,,        不成立,        不成立,        不成立,,,,,,,    不成立,,,,,,,
東京エムジー時計,,217,3,ー,時計,ROLEX,SS,,,14270,,U番   ,,,,落札,"        530,000",,,,,,,    不成立,,,,,,,
東京エムジー時計,,217,4,ー,時計,ROLEX,SS,,,14270,,U番   ,,,,落札,"        530,000",,,,,,,,,,,,,
東京エムジー時計,,217,5,ー,時計,ROLEX,YG,,,18238,,R番 ﾊﾞﾈ棒  ,,,,        不成立,        不成立,        不成立,,,,,,,,,,,,,
東京エムジー時計,,217,6,ー,時計,ROLEX,SY,,,16263,,X番   ,,,,        不成立,        不成立,        不成立,,,,,,,    不成立,,,,,,,
東京エムジー時計,,217,7,ー,時計,ROLEX,SY,,,16233,,R番   ,,,,落札,"        603,000",,,,,,,    不成立,,,,,,,
東京エムジー時計,,217,8,ー,時計,ROLEX,SY,,,16013,,87番   ,,,,        不成立,        不成立,        不成立,,,,,,,,,,,,,
東京エムジー時計,,217,9,ー,時計,ROLEX,SW,,,6694,,7番 　ミラーダイヤル  ,,,,落札,"        388,000",,,,,,,    不成立,,,,,,,
東京エムジー時計,,217,10,ー,時計,ROLEX,SW,,,6694,,57番   ,,,,落札,"        231,000",,,,,,,,,,,,,
東京エムジー時計,,218,1,ー,時計,ROLEX,YG,,,69178,,E番   ,,,,        不成立,        不成立,        不成立,,,,,,,,,,,,,
東京エムジー時計,,218,2,ー,時計,ROLEX,YG,,,69178,,92番   ,,,,        不成立,        不成立,        不成立,,,,,,,    不成立,,,,,,,
東京エムジー時計,,218,3,ー,時計,ROLEX,YG,,,69178,,X番   ,,,,        不成立,        不成立,        不成立,,,,,,,    不成立,,,,,,,
東京エムジー時計,,218,4,ー,時計,ROLEX,SY,,,69173,,R番   ,,,,落札,"        387,000",,,,,,,    不成立,,,,,,,
東京エムジー時計,,218,5,ー,時計,ROLEX,SY,,,69173,,R番   ,,,,落札,"        399,000",,,,,,,,,,,,,
東京エムジー時計,,218,6,ー,時計,ROLEX,SY,,,69173,,95番   ,,,,落札,"        358,000",,,,,,,,,,,,,
東京エムジー時計,,218,7,ー,時計,ROLEX,SY,,,69173,,L番   ,,,,落札,"        353,000",,,,,,,,,,,,,
東京エムジー時計,,218,8,ー,時計,ROLEX,YG,,,6618,,28番   ,,,,落札,"        107,000",,,,,,,,,,,,,
東京エムジー時計,,218,9,ー,時計,ROLEX,SY,,,6623,,31番   ,,,,落札,"        107,000",,,,,,,,,,,,,
東京エムジー時計,,218,10,ー,時計,ROLEX,その他,,,6517,,26番  ミラーダイヤル  ,,,,落札,"        237,000",,,,,,,,,,,,,
東京エムジー時計,,219,2,ー,時計,ROLEX,YG,,,18038,,65番 　アフターD  ,,,,        不成立,        不成立,        不成立,,,,,,,,,,,,,
東京エムジー時計,,219,3,ー,時計,ROLEX,SY,,,16233,,T番 保  ,,,,落札,"        799,000",,,,,,,    不成立,,,,,,,
東京エムジー時計,,219,4,ー,時計,ROLEX,SY,,,16233,,P番 FF×2  ,,,,        不成立,        不成立,        不成立,,,,,,,,,,,,,
東京エムジー時計,,219,5,ー,時計,ROLEX,SY,,,16013,,89番   ,,,,        不成立,        不成立,        不成立,,,,,,,    不成立,,,,,,,
東京エムジー時計,,219,6,ー,時計,ROLEX,SY,,,16013,,55番 国ｻ保　シリアル腐食  ,,,,落札,"        440,000",,,,,,,    不成立,,,,,,,
東京エムジー時計,,219,7,ー,時計,ROLEX,SR,,,1601,,15番   ,,,,落札,"        370,000",,,,,,,,,,,,,
東京エムジー時計,,219,8,ー,時計,ROLEX,SS,,,16220,,R番   ,,,,        不成立,        不成立,        不成立,,,,,,,,,,,,,
東京エムジー時計,,219,9,ー,時計,ROLEX,SS,,,14010,,Ｗ番   ,,,,        不成立,        不成立,        不成立,,,,,,,    不成立,,,,,,,
東京エムジー時計,,219,10,ー,時計,ROLEX,SW,,,6694,,12番   ,,,,落札,"        251,000",,,,,,,    不成立,,,,,,,
